Loc Code,As per ERP,Actual,Region,Region 2,City,Address 1,Address 2,Region Short,Cann Tag,Catchment,Region Order No.,Store Type,Store Type 2,Loc Type,Oven/Non Oven,Are Manager,Vintage Type,Existing/New,Store Order No,Old Code,New/Old,Covers,SSSG Store,Month,Operational,SameStoreInNextYear,StoreOperational,TodayDate,Vintage No of Months,Vintage age type,Group 1 for Pacesetter,Group 2 for Pacesetter,Group 3 for Pacesetter,Group 4 for Pacesetter,Group 5 for Pacesetter,Group 6 for Pacesetter,BK,Area,Swiggy Code,Zomato Code,Frozen / Chilled,BP ADS,BP EBITDA%,Closed Date,Mutton Prod Set,O half Capacity,O Full Capacity,O B Capacity (half),T Rat. Pans,Tier,Value Stores,SSSG,Store Tag,Patch,Tag1,Tag2,HOD,Zomato Store Link,Swiggy Store Link
S1104,Secunderabad - Bakery - PQS,Secunderabad,Hyderabad,Hyd,Hyderabad,"S D Road, Sappu Bagh Apartment","Jogani, Ramgopalpet, Secundera",Hyd,NULL,NULL,1,FSR,FSR S'bad,Outlet,Oven,Rahamat,Until FY19,Existing,1,PF005,Old,1231,yes,01-09-1953,Yes,01-10-1954,01-10-1954,01-04-2024,847.9934211,>3 years,New Model,TS,New Model - Gas Oven,Tankers,PAN India,>30K Sq Ft,Secunderabad BK,73000,NA,NA,Chilled,NULL,NULL,NULL,Set 1,NULL,NULL,NULL,NULL,Metro,Launch,FY23,HOD,HYD4,Focus Store,Focus FSR,Kapil ,https://www.zomato.com/hyderabad/paradise-biryani-a-legend-since-1953-paradise-circle-secunderabad,https://www.swiggy.com/restaurants/paradise-biryani-s-p-road-begumpet-hyderabad-2305
S1101,Secunderabad - Gold-MiniGold-P,Secunderabad,Hyderabad,Hyd,Hyderabad,"S D Road, Sappu Bagh Apartment","Jogani, Ramgopalpet, Secundera",Hyd,NULL,NULL,1,FSR,FSR S'bad,Outlet,Oven,Rahamat,Until FY19,Existing,1,PF008,Old,1231,yes,01-09-1953,Yes,01-10-1954,01-10-1954,01-04-2024,847.9934211,>3 years,New Model,TS,New Model - Gas Oven,Tankers,PAN India,>30K Sq Ft,Secunderabad BK,73000,NA,NA,Chilled,NULL,NULL,NULL,Set 1,314,157,0,320,Metro,Launch,FY23,HOD,HYD4,Focus Store,Focus FSR,Kapil ,https://www.zomato.com/hyderabad/paradise-biryani-a-legend-since-1953-paradise-circle-secunderabad,https://www.swiggy.com/restaurants/paradise-biryani-s-p-road-begumpet-hyderabad-2305
S1102,Secunderabad - GoldOne-Roof Ga,Secunderabad,Hyderabad,Hyd,Hyderabad,"S D Road, Sappu Bagh Apartment","Jogani, Ramgopalpet, Secundera",Hyd,NULL,NULL,1,FSR,FSR S'bad,Outlet,Oven,Rahamat,Until FY19,Existing,1,PF009,Old,1231,yes,01-09-1953,Yes,01-10-1954,01-10-1954,01-04-2024,847.9934211,>3 years,New Model,TS,New Model - Gas Oven,Tankers,PAN India,>30K Sq Ft,Secunderabad BK,73000,NA,NA,Chilled,NULL,NULL,NULL,Set 1,NULL,NULL,NULL,NULL,Metro,Launch,FY23,HOD,HYD4,Focus Store,Focus FSR,Kapil ,https://www.zomato.com/hyderabad/paradise-biryani-a-legend-since-1953-paradise-circle-secunderabad,https://www.swiggy.com/restaurants/paradise-biryani-s-p-road-begumpet-hyderabad-2305
S1103,Secunderabad - Paradise Cafe,Secunderabad,Hyderabad,Hyd,Hyderabad,"S D Road, Sappu Bagh Apartment","Jogani, Ramgopalpet, Secundera",Hyd,NULL,NULL,1,FSR,FSR S'bad,Outlet,Oven,Rahamat,Until FY19,Existing,1,NULL,Old,1231,yes,01-09-1953,Yes,01-10-1954,01-10-1954,01-04-2024,847.9934211,>3 years,New Model,TS,New Model - Gas Oven,Tankers,PAN India,>30K Sq Ft,Secunderabad BK,73000,NA,NA,Chilled,NULL,NULL,NULL,Set 1,NULL,NULL,NULL,NULL,Metro,Launch,FY23,HOD,HYD4,Focus Store,Focus FSR,Kapil ,https://www.zomato.com/hyderabad/paradise-biryani-a-legend-since-1953-paradise-circle-secunderabad,https://www.swiggy.com/restaurants/paradise-biryani-s-p-road-begumpet-hyderabad-2305
N11W02,3PL - Gurgaon,3PL - Gurgaon,NCR,ROH,NULL,"SURVEY NO-23, KHEWAT NO- 71","VILLAGE DUDHOLA, POST OFFICE",NCR,NULL,NULL,6,Non Store,Other,Ware House,NULL,Venkat,Non-Store,NULL,NULL,NULL,New,NULL,NULL,NULL,NULL,NULL,NULL,NULL,NULL,NULL,NULL,NULL,NULL,NULL,NULL,NULL,NULL,0,NA,NA,NULL,NULL,NULL,NULL,NULL,NULL,NULL,NULL,NULL,NULL,NULL,NULL,Late_Night_Delivery,NULL,None,NULL,NULL,NULL,NULL
S1105,Secunderabad -Takeaway,Secunderabad,Hyderabad,Hyd,Hyderabad,"S D Road, Sappu Bagh Apartment","Jogani, Ramgopalpet, Secundera",Hyd,NULL,NULL,1,FSR,FSR S'bad,Outlet,Oven,Rahamat,Until FY19,Existing,1,PF007,Old,1231,yes,01-09-1953,Yes,01-10-1954,01-10-1954,01-04-2024,847.9934211,>3 years,New Model,TS,New Model - Gas Oven,Tankers,PAN India,>30K Sq Ft,Secunderabad BK,73000,2305,91662,Chilled,NULL,NULL,NULL,Set 1,NULL,NULL,NULL,NULL,Metro,Launch,FY23,"Rolls_Pilot, Kebab_Festival, Noodles_Menu, HOD",HYD4,Focus Store,Focus FSR,Kapil ,NULL,https://www.swiggy.com/restaurants/paradise-biryani-s-p-road-begumpet-hyderabad-2305
New 42,New 42,New 42,Hyderabad,Hyd,Hyderabad,NULL,NULL,Hyd,NULL,NULL,1,Omni Model,Other,Outlet,NULL,NULL,FY23 Outlets,New FY23,NULL,NULL,New,NULL,NULL,NULL,NULL,NULL,NULL,NULL,NULL,NULL,NULL,NULL,NULL,NULL,NULL,NULL,NULL,0,NA,NA,NULL,NULL,NULL,NULL,Set 1,NULL,NULL,NULL,NULL,NULL,NULL,NULL,NULL,NULL,None,NULL,NULL,NULL,NULL
New 43,New 43,New 43,Hyderabad,Hyd,Hyderabad,NULL,NULL,Hyd,NULL,NULL,1,Omni Model,Other,Outlet,NULL,NULL,FY23 Outlets,New FY23,NULL,NULL,New,NULL,NULL,NULL,NULL,NULL,NULL,NULL,NULL,NULL,NULL,NULL,NULL,NULL,NULL,NULL,NULL,0,NA,NA,NULL,NULL,NULL,NULL,Set 1,NULL,NULL,NULL,NULL,NULL,NULL,NULL,NULL,NULL,None,NULL,NULL,NULL,NULL
New 44,New 44,New 44,Bangalore,ROH,Bangalore,NULL,NULL,Bglr,NULL,NULL,2,Omni Model,Other,Outlet,NULL,NULL,FY23 Outlets,New FY23,NULL,NULL,New,NULL,NULL,NULL,NULL,NULL,NULL,NULL,NULL,NULL,NULL,NULL,NULL,NULL,NULL,NULL,NULL,0,NA,NA,NULL,NULL,NULL,NULL,Set 2,NULL,NULL,NULL,NULL,NULL,NULL,NULL,NULL,NULL,None,NULL,NULL,NULL,NULL
S1106,Begumpet,Begumpet,Hyderabad,Hyd,Hyderabad,"Opp. Indian Oil Petrol Pump,","Mayur Marg, Begumpet Main Road",Hyd,NULL,NULL,1,FSR,FSR G,Outlet,Oven,Maqsood,Until FY19,Existing,6,PF010,Old,410,yes,31-12-2013,Yes,01-01-2015,01-01-2015,01-04-2024,123.125,>3 years,New Model,TS,New Model - Gas Oven,W/o Tankers,PAN India,7 to 10K Sq Ft,Secunderabad BK,14759,7411,94904,Chilled,NULL,NULL,NULL,Set 1,NULL,NULL,NULL,NULL,Metro,Launch,FY23,"Kebab_Festival, Noodles_Menu, Bakery_Menu, HOD",HYD3,Focus Store,Focus FSR,Robin ,https://www.zomato.com/hyderabad/paradise-biryani-1-begumpet,https://www.swiggy.com/restaurants/paradise-biryani-mayur-marg-begumpet-hyderabad-7411
S1107,Imax,Imax,Hyderabad,Hyd,Hyderabad,Besides Prasad's IMAX Theatre,"NTR Gardens, Saifabad",Hyd,NULL,NULL,1,FSR,FSR G,Outlet,Hundi,Maqsood,Until FY19,Existing,5,PF011,Old,392,yes,20-06-2017,Yes,01-07-2018,01-07-2018,01-04-2024,81.44736842,>3 years,FSR+BK - Supply,TS,FSR+BK - Supply,W/o Tankers,PAN India,10 to 15K Sq Ft,IMAX BK,12651,7412,92891,Chilled,NULL,NULL,NULL,Set 1,NULL,NULL,NULL,NULL,Metro,Launch,FY23,"Kebab_Festival, Noodles_Menu, Bakery_Menu, HOD",HYD3,Focus Store,Focus FSR,Robin ,https://www.zomato.com/hyderabad/paradise-biryani-necklace-road,https://www.swiggy.com/restaurants/paradise-biryani-imax-road-somajiguda-and-khairtabad-hyderabad-7412
S1108,MasabTank TADP,MasabTank,Hyderabad,Hyd,Hyderabad,"10-1-128/6 to 12, Masab Tank C",Near Hyderabad Heights,Hyd,NULL,NULL,1,TA & Del,Omni Rest,Outlet,Hundi,Maqsood,Until FY19,Existing,2,PF012,Old,0,yes,30-09-2009,Yes,01-10-2010,01-10-2010,01-04-2024,174.2105263,>3 years,Express,TS,Express,W/o Tankers,PAN India,4 to 7K Sq Ft,Secunderabad BK,3628,1535,90009,Chilled,NULL,NULL,NULL,Set 1,NULL,NULL,NULL,NULL,Metro,Launch,FY23,"Late_Night_Delivery, Zero_Packaging",HYD3,Focus,NULL,NULL,https://www.zomato.com/hyderabad/paradise-biryani-masab-tank,https://www.swiggy.com/restaurants/paradise-biryani-masab-tank-x-roads-banjara-hills-hyderabad-1535
S5101,Indiranagar,CMH Road,Bangalore,ROH,Bangalore,"484, Signature Square, CMH Roa",Indiranagar,Bglr,NULL,NULL,2,FSR,Other,Outlet,NULL,NULL,Until FY19,Closed,1,PF018,Old,146,No,08-01-2015,No,01-02-2016,NULL,01-04-2024,110.8552632,>3 years,NULL,NULL,NULL,NULL,NULL,NULL,NULL,4502,NA,NA,NULL,NULL,NULL,15-10-2020,Set 2,NULL,NULL,NULL,NULL,Metro,NULL,NULL,NULL,NULL,None,NULL,NULL,NULL,NULL
S1109,Hitech City,Hitech City,Hyderabad,Hyd,Hyderabad,Shilpakalavedika Compound,"Madhapur, Hitech City",Hyd,NULL,NULL,1,FSR,FSR G,Outlet,Hundi,Chiranjeevi,Until FY19,Existing,3,PF013,Old,366,yes,31-07-2010,Yes,01-08-2011,01-08-2011,01-04-2024,164.2105263,>3 years,FSR,TS,FSR,Tankers,PAN India,4 to 7K Sq Ft,Hitech 2 BK,12680,1128,90168,Chilled,NULL,NULL,NULL,Set 1,NULL,NULL,NULL,NULL,Metro,Launch,FY23,"Late_Night_Delivery, Rolls_Pilot, Kebab_Festival, Noodles_Menu, HOD",HYD3,Focus Store,Focus FSR,Siddharth,https://www.zomato.com/hyderabad/paradise-biryani-hitech-city,https://www.swiggy.com/restaurants/paradise-biryani-opposite-cyber-tower-hitech-city-madhapur-hyderabad-1128
S1110,Kukatpally,Kukatpally,Hyderabad,Hyd,Hyderabad,"Shop No.2, Sy.No.166, Lower Gr","South India Shopping Mall, Kuk",Hyd,NULL,NULL,1,FSR,FSR G,Outlet,Hundi,Chiranjeevi,Until FY19,Existing,4,PF014,Old,374,yes,30-04-2013,Yes,01-05-2014,01-05-2014,01-04-2024,131.1842105,>3 years,FSR+BK - Supply,TS,FSR+BK - Supply,Tankers,PAN India,7 to 10K Sq Ft,NULL,16508,1854,93496,Chilled,NULL,NULL,NULL,Set 1,NULL,NULL,NULL,NULL,Metro,Launch,FY23,"Late_Night_Delivery, Kebab_Festival, Price_Rollback, Noodles_Menu, Bakery_Menu, HOD",HYD3,Focus Store,Focus FSR,Siddharth,https://www.zomato.com/hyderabad/paradise-biryani-kukatpally,https://www.swiggy.com/restaurants/paradise-biryani-a-s-raju-nagar-kukatpally-hyderabad-1854
New 45,New 45,New 45,Hyderabad,Hyd,Hyderabad,NULL,NULL,Hyd,NULL,NULL,1,Omni Model,Other,Outlet,NULL,NULL,FY23 Outlets,New FY23,NULL,NULL,New,NULL,NULL,NULL,NULL,NULL,NULL,NULL,NULL,NULL,NULL,NULL,NULL,NULL,NULL,NULL,NULL,0,NA,NA,NULL,NULL,NULL,NULL,Set 1,NULL,NULL,NULL,NULL,NULL,NULL,NULL,NULL,NULL,None,NULL,NULL,NULL,NULL
New 46,New 46,New 46,RO TS,ROH,NULL,NULL,NULL,ROTS,NULL,NULL,8,Omni Model,Other,Outlet,NULL,NULL,FY23 Outlets,New FY23,NULL,NULL,New,NULL,NULL,NULL,NULL,NULL,NULL,NULL,NULL,NULL,NULL,NULL,NULL,NULL,NULL,NULL,NULL,0,NA,NA,NULL,NULL,NULL,NULL,Set 2,NULL,NULL,NULL,NULL,NULL,NULL,NULL,NULL,NULL,None,NULL,NULL,NULL,NULL
S1111,Kothapet,Kothapet,Hyderabad,Hyd,Hyderabad,"Ground Floor, Satyam Shivam Co","Road No.2, Green Hills, Kothap",Hyd,NULL,NULL,1,FSR,FSR G,Outlet,Hundi,Maqsood,Until FY19,Existing,7,PF019,Old,196,yes,01-04-2015,Yes,01-05-2016,01-05-2016,01-04-2024,108.125,>3 years,FSR+BK - Supply,TS,FSR+BK - Supply,W/o Tankers,PAN India,7 to 10K Sq Ft,Kothapet BK,16600,7409,97325,Chilled,NULL,NULL,NULL,Set 1,NULL,NULL,NULL,NULL,Metro,Pilot,FY23,"Late_Night_Delivery, Zero_Packaging, Kebab_Festival, Noodles_Menu, HOD",HYD3,Focus Store,Focus FSR,Robin ,https://www.zomato.com/hyderabad/paradise-biryani-kothapet,https://www.swiggy.com/restaurants/paradise-biryani-green-hills-kothapet-and-dilsukhnagar-hyderabad-7409
S5103,BEL Road,BEL Road,Bangalore,ROH,Bangalore,"28, New BEL Rd, AGS Layout, Do","R.M.V. 2nd Stage,",Bglr,NULL,NULL,2,FSR,Other,Outlet,Hundi,NULL,Until FY19,Closed,4,PF035,Old,228,No,16-01-2016,No,01-02-2017,NULL,01-04-2024,98.58552632,>3 years,FSR+BK,Bangalore,FSR+BK,W/o Tankers,PAN India,7 to 10K Sq Ft,NULL,0,NA,NA,NULL,NULL,NULL,16-09-2021,Set 2,NULL,NULL,NULL,NULL,NULL,NULL,NULL,NULL,NULL,None,NULL,NULL,NULL,NULL
S1112,Himayat Nagar,Himayat Nagar,Hyderabad,Hyd,Hyderabad,"3-6-238, G-13 & G-12,","Amrutha Estates, Himyat Nagar ",Hyd,NULL,NULL,1,FSR,FSR G,Outlet,Oven,Maqsood,Until FY19,Existing,8,PF028,Old,224,yes,24-08-2015,Yes,01-09-2016,01-09-2016,01-04-2024,103.3552632,>3 years,New Model,TS,New Model - Gas Oven,W/o Tankers,PAN India,4 to 7K Sq Ft,IMAX BK,8196,7408,18097695,Chilled,NULL,NULL,NULL,Set 1,NULL,NULL,NULL,NULL,Metro,Launch,FY23,"Kebab_Festival, Noodles_Menu, HOD",HYD3,Focus Store,Focus FSR,Dinesh ,https://www.zomato.com/hyderabad/paradise-biryani-himayath-nagar,https://www.swiggy.com/restaurants/paradise-biryani-street-no-8-himayath-nagar-hyderabad-7408
S5104,Electronic City,Electronic City,Bangalore,ROH,Bangalore,"No. 47/11, Doddathogur Village","Next to SJR Equinox, Electroni",Bglr,NULL,NULL,2,FSR,Omni Rest,Outlet,Hundi,Vinod,Until FY19,Existing,6,PF036,Old,168,yes,02-05-2016,Yes,01-06-2017,01-06-2017,01-04-2024,95.06578947,>3 years,FSR+BK,Bangalore,FSR+BK,Tankers,PAN India,7 to 10K Sq Ft,NULL,16955,12476,18308792,Chilled,NULL,NULL,NULL,Set 2,NULL,NULL,NULL,NULL,Metro,NULL,FY23,Late_Night_Delivery,NULL,Others,NULL,NULL,https://www.zomato.com/bangalore/paradise-biryani-electronic-city-bangalore,https://www.swiggy.com/restaurants/paradise-biryani-hosur-road-electronic-city-bangalore-12476
S3101,VIP Road,VIP Road,RO AP,ROH,RO AP,"9-14-4, VIP Rd, CBM Compound, ","Siripuram,",ROAP,NULL,NULL,9,FSR,Omni Rest,Outlet,Hundi,Renin,Until FY19,Existing,1,PF045,Old,202,yes,22-08-2016,Yes,01-09-2017,01-09-2017,01-04-2024,91.38157895,>3 years,FSR+CK,AP,FSR+CK,W/o Tankers,PAN India,7 to 10K Sq Ft,NULL,9659,63149,2800901,Frozen,NULL,NULL,NULL,Set 2,NULL,NULL,NULL,NULL,T1,Launch,FY23,NULL,Andhra,Focus,NULL,NULL,https://www.zomato.com/visakhapatnam/paradise-biryani-waltair-uplands-vizag,https://www.swiggy.com/restaurants/paradise-biryani-vip-towers-siripuram-vizag-63149
S5105,Whitefield,Whitefield,Bangalore,ROH,Bangalore,"Virginia Mall, Ramgondanahall ","Whitefield Main Road,",Bglr,NULL,NULL,2,FSR,Other,Outlet,Hundi,Vinod,Until FY19,Closed,7,PF037,Old,160,No,23-11-2016,No,01-12-2017,NULL,01-04-2024,88.32236842,>3 years,FSR+BK,Bangalore,FSR+BK,W/o Tankers,PAN India,10 to 15K Sq Ft,NULL,5713,20415,18379633,Chilled,NULL,NULL,02-07-2023,Set 2,NULL,NULL,NULL,NULL,Metro,NULL,FY23,NULL,NULL,Others,NULL,NULL,NULL,https://www.swiggy.com/restaurants/paradise-biryani-virginia-mall-whitefield-bangalore-20415
S6102,LB Road,LB Road,Chennai,ROH,Chennai,Dr. Muthulakshmi Salai,NULL,Chn,NULL,NULL,3,Others,Omni Pilot,Outlet,Oven,Ramesh,Until FY19,Existing,1,PF062,Old,72,yes,30-03-2017,Yes,01-04-2018,01-04-2018,01-04-2024,84.14473684,>3 years,New Model,Chennai,New Model - Gas Oven,Exp Tankers,PAN India,2.5K to 4K Sq Ft,NULL,2185,25736,18470430,Chilled,NULL,NULL,NULL,Set 2,10,5,4,10,Metro,NULL,FY23,NULL,BLR/CHN,Others,NULL,NULL,https://www.zomato.com/chennai/paradise-biryani-thiruvanmiyur,https://www.swiggy.com/restaurants/paradise-biryani-diagonally-opp-s2-theyagaraja-cinemas-adyar-chennai-25736
S1117,Boduppal,Boduppal,Hyderabad,Hyd,Hyderabad,"Plot No. 5 & 12, Medipally",Peerzadiguda,Hyd,NULL,NULL,1,FSR,Other,Outlet,Hundi,Maqsood,Until FY19,Closed,10,PF083,Old,142,No,29-05-2017,No,01-06-2018,NULL,01-04-2024,82.17105263,>3 years,FSR+BK,TS,FSR+BK,Tankers,PAN India,7 to 10K Sq Ft,Kothapet BK,13163.5,28922,18525632,Chilled,NULL,NULL,08-01-2024,Set 1,NULL,NULL,NULL,NULL,Metro,Pilot,FY23,NULL,HYD3,Focus,NULL,NULL,https://www.zomato.com/hyderabad/paradise-biryani-medipally,https://www.swiggy.com/restaurants/paradise-biryani-legend-crystal-uppal-hyderabad-28922
S1113,Gachibowli,Gachibowli,Hyderabad,Hyd,Hyderabad,"Plot no 22 & 23, Vinayaka Naga",Gachibowli Main Road,Hyd,NULL,NULL,1,FSR,FSR G,Outlet,Hundi,Chiranjeevi,Until FY19,Existing,9,PF029,Old,302,yes,24-09-2015,Yes,01-10-2016,01-10-2016,01-04-2024,102.3355263,>3 years,FSR+BK - Supply,TS,FSR+BK - Supply,Tankers,PAN India,10 to 15K Sq Ft,NULL,15664,5217,18138652,Chilled,NULL,NULL,NULL,Set 1,NULL,NULL,NULL,NULL,Metro,Launch,FY23,"Late_Night_Delivery, Kebab_Festival, Noodles_Menu, Bakery_Menu, HOD",HYD3,Focus Store,Focus FSR,Siddharth,https://www.zomato.com/hyderabad/paradise-biryani-gachibowli,https://www.swiggy.com/restaurants/paradise-biryani-main-road-gachibowli-hyderabad-5217
S1118,Inorbit Food Court,Inorbit,Hyderabad,Hyd,Hyderabad,"Inorbit Mall, L4, Shop No - B1",Hitech City,Hyd,NULL,NULL,1,Mall/FC,Omni Rest,Outlet,Hundi,Rajsekhar,Until FY19,Existing,11,PF084,Old,0,yes,16-08-2017,Yes,01-09-2018,01-09-2018,01-04-2024,79.57236842,>3 years,Express,TS,Express,W/o Tankers,PAN India,<1k Sq Ft,Hitech 2 BK,610,NA,NA,Chilled,NULL,NULL,NULL,Set 1,NULL,NULL,NULL,NULL,Metro,Launch,FY23,NULL,HYD2,Others,NULL,NULL,NULL,NULL
N1101,Raheja Mall,Raheja Mall,NCR,ROH,Gurgaon,"Sector 47, D1 Block","Malibu Town, Sohna Road",NCR,NULL,NULL,6,FSR,Other,Outlet,Oven,Santosh,Until FY19,Closed,1,PF0303,Old,40,No,28-08-2017,No,01-09-2018,NULL,01-04-2024,79.17763158,>3 years,New Model,Gurugram,New Model - Ele Oven,W/o Tankers,PAN India,1.5 to 2.5K Sq Ft,NULL,2235,31416,18549270,Frozen,NULL,NULL,20-11-2022,Set 2,10,5,4,10,Metro,NULL,NULL,NULL,HYD1,None,NULL,NULL,NULL,https://www.swiggy.com/restaurants/paradise-biryani-raheja-mall-sohna-road-gurgaon-31416
S3102,Gajuwaka,Gajuwaka,RO AP,ROH,RO AP,"Ground Floor, No. 10-2-1/17","Chaitanya Nagar, Gajuwaka",ROAP,NULL,NULL,9,FSR,Omni Rest,Outlet,Hundi,Renin,Until FY19,Existing,2,PF046,Old,190,yes,23-10-2017,Yes,01-11-2018,01-11-2018,01-04-2024,77.33552632,>3 years,FSR+BK,AP,FSR+BK,W/o Tankers,PAN India,7 to 10K Sq Ft,NULL,11032,69418,2801173,Frozen,NULL,NULL,NULL,Set 2,NULL,NULL,NULL,NULL,T1,Launch,FY23,NULL,Andhra,Focus,NULL,NULL,https://www.zomato.com/visakhapatnam/paradise-biryani-gajuwaka-vizag,https://www.swiggy.com/restaurants/paradise-biryani-visakhapatnam-gajuwaka-vizag-69418
S3201,Benz Circle,Benz Circle,RO AP,ROH,RO AP,"120/3 Benz Circle, Beside Tren","Sai Nagar, Kala Nagar, Acharya",ROAP,NULL,NULL,9,FSR,Omni Rest,Outlet,Hundi,Jeswin,Until FY19,Existing,1,PF051,Old,168,yes,11-12-2017,Yes,01-01-2019,01-01-2019,01-04-2024,75.72368421,>3 years,FSR+BK,AP,FSR+BK,W/o Tankers,PAN India,7 to 10K Sq Ft,NULL,9900,70516,18699841,Chilled,NULL,NULL,NULL,Set 2,NULL,NULL,NULL,NULL,T1,Launch,FY23,NULL,Andhra,Focus,NULL,NULL,https://www.zomato.com/vijayawada/paradise-biryani-labbipet,https://www.swiggy.com/restaurants/paradise-biryani-near-benz-circle-benz-circle-and-auto-nagar-vijayawada-70516
S1116,Hitech City 2,Hitech City 2,Hyderabad,Hyd,Hyderabad,"Plot No-4/1 & 4/2,Sy No.64, Mi","Madhapur,Near Cyber Towers,HYD",Hyd,NULL,NULL,1,FSR,FSR G,Outlet,Hundi,Chiranjeevi,Until FY19,Existing,12,PF082,Old,216,yes,17-01-2018,Yes,01-02-2019,01-02-2019,01-04-2024,74.50657895,>3 years,FSR+BK - Supply,TS,FSR+BK - Supply,W/o Tankers,PAN India,10 to 15K Sq Ft,Hitech 2 BK,12774,45801,18634164,Chilled,NULL,NULL,NULL,Set 1,NULL,NULL,NULL,NULL,Metro,Launch,FY23,HOD,HYD3,Focus Store,NULL,Hrishi ,https://www.zomato.com/hyderabad/paradise-biryani-3-hitech-city,https://www.swiggy.com/restaurants/paradise-biryani-hitech-2-mind-space-centre-madhapur-hyderabad-45801
S1119,MGBS,MGBS,Hyderabad,Hyd,Hyderabad,Mahatma Gandhi Bus Station,"TSRTC, Imliban, Gowliguda, Hyd",Hyd,NULL,NULL,1,Others,Other,Outlet,Hundi,Maqsood,Until FY19,Closed,13,PF085,Old,100,No,22-01-2018,No,01-02-2019,NULL,01-04-2024,74.34210526,>3 years,Express,TS,Express,Tankers,PAN India,2.5K to 4K Sq Ft,Kothapet BK,3963,46872,18638005,Chilled,NULL,NULL,31-10-2023,Set 1,NULL,NULL,NULL,NULL,Metro,Launch,FY23,NULL,HYD3,Others,NULL,NULL,NULL,https://www.swiggy.com/restaurants/paradise-biryani-tsrtc-mahatma-gandhi-bus-station-nampally-hyderabad-46872
S1114,Shamshabad,Shamshabad,Hyderabad,Hyd,Hyderabad,"H.No.11-2/2, Near Madhura Naga","Phase No.1, in Survey Nos.193 ",Hyd,NULL,NULL,1,FSR,FSR G,Outlet,Hundi,Maqsood,Until FY19,Existing,15,PF030,Old,210,yes,22-03-2018,Yes,01-04-2019,01-04-2019,01-04-2024,72.40131579,>3 years,FSR+BK,TS,FSR+BK,W/o Tankers,PAN India,10 to 15K Sq Ft,NULL,12000,89708,18668928,Chilled,NULL,NULL,NULL,Set 1,NULL,NULL,NULL,NULL,Metro,Launch,FY23,"Kebab_Festival, Noodles_Menu, HOD",HYD3,Focus Store,Focus FSR,Robin ,https://www.zomato.com/hyderabad/paradise-biryani-shamshabad,https://www.swiggy.com/restaurants/paradise-biryani-s-r-nagar-shamshabad-hyderabad-89708
S6104,Kattupakkam,Kattupakkam,Chennai,ROH,Chennai,"Muncipal No-2/313, Mount Poona",Kattupakam ,Chn,NULL,NULL,3,Others,Omni Rest,Outlet,Oven,Ramesh,Until FY19,Existing,2,PF066,Old,40,yes,21-03-2018,Yes,01-04-2019,01-04-2019,01-04-2024,72.43421053,>3 years,New Model,Chennai,New Model - Ele Oven,Exp Tankers,PAN India,1.5 to 2.5K Sq Ft,NULL,2150,51312,18669424,Chilled,NULL,NULL,NULL,Set 2,10,5,4,10,Metro,NULL,FY23,NULL,BLR/CHN,Others,NULL,NULL,https://www.zomato.com/chennai/paradise-biryani-poonamalle,https://www.swiggy.com/restaurants/paradise-biryani-mount-poonamalle-road-kattupakkam-poonamallee-chennai-51312
S1120,BHEL,BHEL,Hyderabad,Hyd,Hyderabad,"H.Nos.23-19 & 23-20, Besides J","Survey No 204/2, Ramachandrapu",Hyd,NULL,NULL,1,FSR,FSR G,Outlet,Hundi,Chiranjeevi,Until FY19,Existing,14,PF086,Old,114,yes,19-02-2018,Yes,01-03-2019,01-03-2019,01-04-2024,73.42105263,>3 years,FSR+BK,TS,FSR+BK,W/o Tankers,PAN India,4 to 7K Sq Ft,NULL,4428,47985,18649306,Chilled,NULL,NULL,NULL,Set 1,NULL,NULL,NULL,NULL,Metro,Launch,FY23,"Late_Night_Delivery, Kebab_Festival, Noodles_Menu, Bakery_Menu, HOD",HYD3,Focus Store,Focus FSR,Rajeesh ,https://www.zomato.com/hyderabad/paradise-biryani-lingampally,https://www.swiggy.com/restaurants/paradise-biryani-near-bhel-besides-jyothi-theatre-beeramguda-hyderabad-47985
S3301,Brindavan Garden - Guntur,Guntur,RO AP,ROH,Guntur,No. 3-28-23/8,Brindavan Garden Near NTR Muni,ROAP,NULL,NULL,9,FSR,Other,Outlet,Hundi,Jeswin,Until FY19,Existing,2,PF056,Old,150,yes,29-03-2018,Yes,01-04-2019,01-04-2019,01-04-2024,72.17105263,>3 years,FSR+BK,AP,FSR+BK,W/o Tankers,PAN India,4 to 7K Sq Ft,NULL,5620,87102,18741307,Chilled,NULL,NULL,NULL,Set 2,NULL,NULL,NULL,NULL,T1,Launch,FY23,NULL,Andhra,Others,NULL,NULL,https://www.zomato.com/guntur/paradise-biryani-lakshmipuram,https://www.swiggy.com/restaurants/paradise-biryani-ntr-municipal-stadium-lakshmipuram-guntur-87102
S5106,Koramangala Cloud,Koramangla CLK,Bangalore,ROH,Bangalore,"744, 80 feet Main Road, 4th bl",4th Block Koramangala,Bglr,NULL,NULL,2,Cloud Kitchen,Other,Outlet,NULL,NULL,Until FY19,Closed,8,PF038,Old,0,No,30-08-2018,No,01-09-2019,NULL,01-04-2024,67.10526316,>3 years,NULL,NULL,NULL,NULL,NULL,NULL,NULL,413,NA,NA,NULL,NULL,NULL,03-06-2020,Set 2,NULL,NULL,NULL,NULL,Metro,NULL,NULL,NULL,NULL,None,NULL,NULL,NULL,NULL
S1121,SR Nagar TADP,SR Nagar,Hyderabad,Hyd,Hyderabad,"No. 7-1-399/A, S.R Nagar Main ","Ameerpet, Hyderabad",Hyd,NULL,NULL,1,TA & Del,Omni Rest,Outlet,Hundi,Chiranjeevi,Until FY19,Existing,16,PF087,Old,0,yes,10-12-2018,Yes,01-01-2020,01-01-2020,01-04-2024,63.75,>3 years,Express,TS,Express,Tankers,PAN India,1 to 1.5K Sq Ft,Secunderabad BK,1108,87103,18856547,Chilled,NULL,NULL,NULL,Set 1,NULL,NULL,NULL,NULL,Metro,Launch,FY23,NULL,HYD3,Others,NULL,NULL,https://www.zomato.com/hyderabad/paradise-biryani-ameerpet,https://www.swiggy.com/restaurants/paradise-biryani-s-r-nagar-ameerpet-hyderabad-87103
New 47,New 47,New 47,Bangalore,ROH,Bangalore,NULL,NULL,Bglr,NULL,NULL,2,Omni Model,Other,Outlet,NULL,NULL,FY23 Outlets,New FY23,NULL,NULL,New,NULL,NULL,NULL,NULL,NULL,NULL,NULL,NULL,NULL,NULL,NULL,NULL,NULL,NULL,NULL,NULL,0,NA,NA,NULL,NULL,NULL,NULL,Set 2,NULL,NULL,NULL,NULL,NULL,NULL,NULL,NULL,NULL,None,NULL,NULL,NULL,NULL
S5107,Kalyan Nagar Cloud,Kalyan Nagar CLK,Bangalore,ROH,Bangalore,"Siteno:1,House List:141,New kh","Hobli, Whitefield",Bglr,NULL,NULL,2,Cloud Kitchen,Other,Outlet,NULL,NULL,Until FY19,Closed,9,PF039,Old,0,No,24-12-2018,No,01-01-2020,NULL,01-04-2024,63.28947368,>3 years,NULL,NULL,NULL,NULL,NULL,NULL,NULL,451,NA,NA,NULL,NULL,NULL,25-06-2020,Set 2,NULL,NULL,NULL,NULL,Metro,NULL,NULL,NULL,NULL,None,NULL,NULL,NULL,NULL
S5108,Sarjapur Cloud,Sarjapur,Bangalore,ROH,Bangalore,"Second Floor, Municipal No. No","BBMP Katha No.777/1,Situated a",Bglr,NULL,NULL,2,Cloud Kitchen,Other,Outlet,Hundi,NULL,Until FY19,Closed,10,PF041,Old,0,No,18-01-2019,No,01-02-2020,NULL,01-04-2024,62.46710526,>3 years,Cloud Kitchen,Bangalore,Cloud Kitchen,W/o Tankers,PAN India,<1k Sq Ft,NULL,0,NA,NA,NULL,NULL,NULL,04-05-2022,Set 2,NULL,NULL,NULL,NULL,NULL,NULL,NULL,NULL,NULL,None,NULL,NULL,NULL,NULL
N1103,MG Road Cloud,MG Road,NCR,ROH,Gurgaon,"Plot No.684,Type-II, Housing B","MG Road Behind Sahara Mall,Sar",NCR,NULL,NULL,6,Cloud Kitchen,Omni Rest,Outlet,Oven,Santosh,Until FY19,Existing,2,PF0306,Old,0,yes,29-01-2019,Yes,01-02-2020,01-02-2020,01-04-2024,62.10526316,>3 years,New Model - CLK,Gurugram,New Model - Ele Oven - CLK,W/o Tankers,PAN India,<1k Sq Ft,NULL,490,99398,18961437,Frozen,NULL,NULL,NULL,Set 2,0,0,4,NULL,Metro,NULL,FY23,NULL,HYD1,Others,NULL,NULL,https://www.zomato.com/ncr/paradise-biryani-mg-road-gurgaon,https://www.swiggy.com/restaurants/paradise-biryani-saraswati-vihar-chakkarpur-dlf-phase-4-gurgaon-99398
S5109,Yelahanka Cloud,Yelahanka CLK,Bangalore,ROH,Bangalore,"Site bearing No.723,3rd Phase","NES Service Road, 16th A Cross",Bglr,NULL,NULL,2,Cloud Kitchen,Other,Outlet,NULL,NULL, FY20 Outlets ,Closed,11,PF042,Old,0,No,30-05-2019,No,01-06-2020,NULL,01-04-2024,58.125,>3 years,NULL,NULL,NULL,NULL,NULL,NULL,NULL,1025,NA,NA,NULL,NULL,NULL,31-07-2020,Set 2,NULL,NULL,NULL,NULL,Metro,NULL,NULL,NULL,NULL,None,NULL,NULL,NULL,NULL
S6105,Mogappair Cloud,Mogappair,Chennai,ROH,Chennai,"JJ Castle,Plot No.29,Block No.","JJ Nagar East, Mogappair East,",Chn,NULL,NULL,3,Cloud Kitchen,Omni Rest,Outlet,Oven,Ramesh, FY20 Outlets ,Existing,3,PF067,Old,0,yes,24-06-2019,Yes,01-07-2020,01-07-2020,01-04-2024,57.30263158,>3 years,New Model - CLK,Chennai,New Model - Gas Oven - CLK,W/o Tankers,PAN India,<1k Sq Ft,NULL,0,157426,19118336,Chilled,NULL,NULL,NULL,Set 2,0,0,4,NULL,Metro,NULL,FY23,NULL,BLR/CHN,Others,NULL,NULL,https://www.zomato.com/chennai/paradise-biryani-mogappair,https://www.swiggy.com/restaurants/paradise-biryani-jj-nagar-mogappair-chennai-157426
S5110,Battarahalli Cloud,Battarahalli,Bangalore,ROH,Bangalore,"Site No.C-7,Sy. No.42,","Khata No.90/1/42,Ajith Layout,",Bglr,NULL,NULL,2,Cloud Kitchen,Omni Rest,Outlet,Hundi,Vinod, FY20 Outlets ,Existing,12,PF043,Old,0,yes,05-08-2019,Yes,01-09-2020,01-09-2020,01-04-2024,55.92105263,>3 years,Cloud Kitchen,Bangalore,Cloud Kitchen,W/o Tankers,PAN India,<1k Sq Ft,NULL,921,178711,19158526,Chilled,NULL,NULL,NULL,Set 2,NULL,NULL,NULL,NULL,Metro,NULL,FY23,NULL,BLR/CHN,Others,NULL,NULL,https://www.zomato.com/bangalore/paradise-biryani-kr-puram-bangalore,https://www.swiggy.com/restaurants/paradise-biryani-thambuchetty-palya-battarahalli-bangalore-178711
S6106,Sholinganallur Cloud,Sholinganallur,Chennai,ROH,Chennai,"No.1, Thiruvalluvar Salai,","Kumaran Nagar, Shoulinganallur",Chn,NULL,NULL,3,Cloud Kitchen,Omni Rest,Outlet,Oven,Ramesh, FY20 Outlets ,Existing,4,PF068,Old,0,yes,06-08-2019,Yes,01-09-2020,01-09-2020,01-04-2024,55.88815789,>3 years,New Model - CLK,Chennai,New Model - Ele Oven - CLK,W/o Tankers,PAN India,1 to 1.5K Sq Ft,NULL,0,178714,19159149,Chilled,NULL,NULL,NULL,Set 2,0,0,4,NULL,Metro,NULL,FY23,NULL,BLR/CHN,Others,NULL,NULL,https://www.zomato.com/chennai/paradise-biryani-sholinganallur,https://www.swiggy.com/restaurants/paradise-biryani-sholinganallur-omr-navalur-chennai-178714
New 48,New 48,New 48,Tamil Nadu,ROH,NULL,NULL,NULL,TN,NULL,NULL,11,Omni Model,Other,Outlet,NULL,NULL,FY23 Outlets,New FY23,NULL,NULL,New,NULL,NULL,NULL,NULL,NULL,NULL,NULL,NULL,NULL,NULL,NULL,NULL,NULL,NULL,NULL,NULL,0,NA,NA,NULL,NULL,NULL,NULL,Set 2,NULL,NULL,NULL,NULL,NULL,NULL,NULL,NULL,NULL,None,NULL,NULL,NULL,NULL
New 49,New 49,New 49,Karnataka,ROH,NULL,NULL,NULL,KRTK,NULL,NULL,12,Omni Model,Other,Outlet,NULL,NULL,FY23 Outlets,New FY23,NULL,NULL,New,NULL,NULL,NULL,NULL,NULL,NULL,NULL,NULL,NULL,NULL,NULL,NULL,NULL,NULL,NULL,NULL,0,NA,NA,NULL,NULL,NULL,NULL,Set 2,NULL,NULL,NULL,NULL,NULL,NULL,NULL,NULL,NULL,None,NULL,NULL,NULL,NULL
New 50,New 50,New 50,Hyderabad,Hyd,Hyderabad,NULL,NULL,Hyd,NULL,NULL,1,Omni Model,Other,Outlet,NULL,NULL,FY23 Outlets,New FY23,NULL,NULL,New,NULL,NULL,NULL,NULL,NULL,NULL,NULL,NULL,NULL,NULL,NULL,NULL,NULL,NULL,NULL,NULL,0,NA,NA,NULL,NULL,NULL,NULL,Set 1,NULL,NULL,NULL,NULL,NULL,NULL,NULL,NULL,NULL,None,NULL,NULL,NULL,NULL
S5111,Rajajinagar Cloud,Rajajinagar,Bangalore,ROH,Bangalore,"2nd Floor, Site -30B (Old#4),",Rajaji Nagar Industrial Town,Bglr,NULL,NULL,2,Cloud Kitchen,Omni Rest,Outlet,Hundi,Shiva, FY20 Outlets ,Existing,13,PF044,Old,0,yes,13-09-2019,Yes,01-10-2020,01-10-2020,01-04-2024,54.63815789,>3 years,Cloud Kitchen,Bangalore,Cloud Kitchen,W/o Tankers,PAN India,1.5 to 2.5K Sq Ft,NULL,1854,195407,19198611,Chilled,NULL,NULL,NULL,Set 2,NULL,NULL,NULL,NULL,Metro,NULL,FY23,NULL,BLR/CHN,Others,NULL,NULL,https://www.zomato.com/bangalore/paradise-biryani-rajajinagar-bangalore,https://www.swiggy.com/restaurants/paradise-biryani-rajajinagar-bangalore-195407
S5112,Dasarahalli Cloud,Dasarahalli,Bangalore,ROH,Bangalore,"Site No. 131,132 Bhuveneshwar",Dasarahalli Main Road,Bglr,NULL,NULL,2,Cloud Kitchen,Omni Rest,Outlet,Hundi,Shiva, FY20 Outlets ,Existing,14,PF076,Old,0,yes,02-12-2019,Yes,01-01-2021,01-01-2021,01-04-2024,52.00657895,>3 years,Cloud Kitchen,Bangalore,Cloud Kitchen,W/o Tankers,PAN India,1 to 1.5K Sq Ft,NULL,1005,232611,19274795,Chilled,NULL,NULL,NULL,Set 2,NULL,NULL,NULL,NULL,Metro,NULL,FY23,NULL,BLR/CHN,Others,NULL,NULL,https://www.zomato.com/bangalore/paradise-biryani-hebbal-bangalore,https://www.swiggy.com/restaurants/paradise-biryani-bhuvaneshwari-nagar-sahakar-nagar-bangalore-232611
S1124,Attapur,Attapur,Hyderabad,Hyd,Hyderabad,"SY No. 18/3, OPP. Pillar No 17","Udderapally Village,Rajendra",Hyd,NULL,NULL,1,Omni Model,Other,Outlet,Oven,Rajsekhar, FY21 & FY22 ,Closed,18,NULL,New,40,No,22-03-2021,No,01-04-2022,NULL,01-04-2024,36.34868421,>3 years,New Model,TS,New Model - Ele & Gas,Tankers,PAN India,1 to 1.5K Sq Ft,NULL,1252,355880,19648369,Chilled,77.17123703,13.86904571,01-02-2024,Set 1,30,15,4,30,Metro,Pilot,FY23,Zero_Packaging,HYD2,Focus,NULL,NULL,https://www.zomato.com/hyderabad/paradise-biryani-rajendra-nagar,https://www.swiggy.com/restaurants/paradise-biryani-attapur-hyderabad-355880
S1128,Vanasthalipuram,Vanasthalipuram,Hyderabad,Hyd,Hyderabad,"5-4-1690,Sahebnagar Khurd,","Hayathnagar Circle, R.R. Dist",Hyd,Yes,Kothapet,1,Omni Model,Omni Rest,Outlet,Oven,Rajsekhar, FY21 & FY22 ,Existing,21,NULL,New,52,yes,03-01-2022,Yes,01-02-2023,01-02-2023,01-04-2024,26.90789474,1-3 years,New Model,TS,New Model - Ele & Gas,Tankers,PAN India,1 to 1.5K Sq Ft,NULL,1690,460324,20069605,Chilled,81.229,21.5,NULL,Set 1,30,15,4,30,Metro,Pilot,FY23,Zero_Packaging,HYD4,Others,NULL,NULL,https://www.zomato.com/hyderabad/paradise-biryani-vanasthalipuram,https://www.swiggy.com/restaurants/paradise-biryani-sahebnagar-vanasthalipuram-hyderabad-460324
E1101,Southern Avenue Express,Southern Avenue,Kolkata,ROH,Kolkata,"Ground Floor 24, South Avenue",NULL,Kol,NULL,NULL,7,Omni Model,Other,Outlet,Oven,Rajsekhar, FY20 Outlets ,Closed,1,PF0402,New,40,No,29-01-2020,No,01-02-2021,NULL,01-04-2024,50.09868421,>3 years,New Model,Kolkata,New Model - Ele & Gas,W/o Tankers,PAN India,1 to 1.5K Sq Ft,NULL,1250,247717,19319656,Frozen,77.28233823,6.460002041,26-09-2023,Set 2,10,5,4,10,Metro,NULL,FY23,NULL,HYD2,TBC,NULL,NULL,NULL,https://www.swiggy.com/restaurants/paradise-biryani-southern-avenue-south-kolkata-kolkata-247717
S5114,Marathahalli Express,Marathahalli,Bangalore,ROH,Bangalore,"CMC Katha No, 474, ","Doddanekundi Village, KR Puram",Bglr,NULL,NULL,2,Omni Model,Omni Pilot,Outlet,Oven,Vinod, FY20 Outlets ,Existing,16,PF078,New,54,yes,26-02-2020,Yes,01-03-2021,01-03-2021,01-04-2024,49.17763158,>3 years,New Model,Bangalore,New Model - Ele & Gas,W/o Tankers,PAN India,1.5 to 2.5K Sq Ft,NULL,1926,250298,19324984,Chilled,85.21189607,10.18167594,NULL,Set 2,20,10,4,20,Metro,NULL,FY23,Late_Night_Delivery,BLR/CHN,Others,NULL,NULL,https://www.zomato.com/bangalore/paradise-biryani-marathahalli-bangalore,https://www.swiggy.com/restaurants/paradise-biryani-marathahalli-bangalore-250298
New 51,New 51,New 51,RO AP,ROH,NULL,NULL,NULL,ROAP,NULL,NULL,9,Omni Model,Other,Outlet,NULL,NULL,FY23 Outlets,New FY23,NULL,NULL,New,NULL,NULL,NULL,NULL,NULL,NULL,NULL,NULL,NULL,NULL,NULL,NULL,NULL,NULL,NULL,NULL,0,NA,NA,NULL,NULL,NULL,NULL,Set 2,NULL,NULL,NULL,NULL,NULL,NULL,NULL,NULL,NULL,None,NULL,NULL,NULL,NULL
New 52,New 52,New 52,Hyderabad,Hyd,Hyderabad,NULL,NULL,Hyd,NULL,NULL,1,Omni Model,Other,Outlet,NULL,NULL,FY23 Outlets,New FY23,NULL,NULL,New,NULL,NULL,NULL,NULL,NULL,NULL,NULL,NULL,NULL,NULL,NULL,NULL,NULL,NULL,NULL,NULL,0,NA,NA,NULL,NULL,NULL,NULL,Set 1,NULL,NULL,NULL,NULL,NULL,NULL,NULL,NULL,NULL,None,NULL,NULL,NULL,NULL
E1102,Chowringee Express,Chowringee,Kolkata,ROH,Kolkata,"Ground Floor, Showroom No 30D","Jawaharlal Nehru Road, Block B",Kol,NULL,NULL,7,Omni Model,Other,Outlet,Oven,Rajsekhar, FY20 Outlets ,Closed,2,PF0403,New,30,No,19-03-2020,No,01-04-2021,NULL,01-04-2024,48.45394737,>3 years,New Model,Kolkata,New Model - Ele & Gas,W/o Tankers,PAN India,<1k Sq Ft,NULL,1000,262533,19365680,Frozen,79.50714261,6.175657976,26-09-2023,Set 2,10,5,4,10,Metro,NULL,FY23,NULL,HYD2,Others,NULL,NULL,NULL,https://www.swiggy.com/restaurants/paradise-biryani-nehru-road-esplanade-kolkata-262533
S1122,Kukatpally SIS Store,Kukatpally SIS,Hyderabad,Hyd,Hyderabad,"SY No:126, Ground Floor, SBR P","More Hyper Market, Nizampet ""X",Hyd,NULL,NULL,1,SIS,Other,Outlet,NULL,NULL, FY21 & FY22 ,Closed,NULL,NULL,Old,0,No,18-01-2021,No,01-02-2022,NULL,01-04-2024,38.42105263,>3 years,NULL,NULL,NULL,NULL,NULL,NULL,NULL,0,NA,NA,NULL,NULL,NULL,NULL,Set 1,NULL,NULL,NULL,NULL,Metro,NULL,NULL,NULL,NULL,None,NULL,NULL,NULL,NULL
S1123,Kompally,Kompally,Hyderabad,Hyd,Hyderabad,"SY No:103/B, Situated at Kompa","Gandi Maisamma Mandal, Medchal",Hyd,NULL,NULL,1,Omni Model,Omni Rest,Outlet,Oven,Nitya, FY21 & FY22 ,Existing,17,NULL,New,42,yes,25-01-2021,Yes,01-02-2022,01-02-2022,01-04-2024,38.19078947,>3 years,New Model,TS,New Model - Ele & Gas,Tankers,PAN India,1 to 1.5K Sq Ft,NULL,1125,345297,19601306,Chilled,77.17123703,13.66410647,NULL,Set 1,30,15,4,30,Metro,Launch,FY23,HOD,HYD4,Focus Store,NULL,Rajeesh ,https://www.zomato.com/hyderabad/paradise-biryani-malkajgiri-secunderabad,https://www.swiggy.com/restaurants/paradise-biryani-kompally-hyderabad-345297
S1129,Malkajgiri,Malkajgiri,Hyderabad,Hyd,Hyderabad,"H.No.24-150/B&25-150/1,Plotno3","East Anandbagh, R.R. District",Hyd,Yes,Secunderabad,1,Omni Model,Omni Rest,Outlet,Oven,Santosh, FY21 & FY22 ,Existing,22,NULL,New,44,yes,14-01-2022,Yes,01-02-2023,01-02-2023,01-04-2024,26.54605263,1-3 years,New Model,TS,New Model - Ele & Gas,Tankers,PAN India,1 to 1.5K Sq Ft,NULL,1347,464242,20081485,Chilled,77.04053158,15.14448092,NULL,Set 1,32,16,4,32,Metro,Launch,FY23,"Late_Night_Delivery, HOD",HYD1,Focus Store,NULL,Dinesh ,https://www.zomato.com/hyderabad/paradise-biryani-malkajgiri-secunderabad,https://www.swiggy.com/restaurants/paradise-biryani-malkajgiri-hyderabad-464242
S1125,Jubilee Hills,Jubilee Hills,Hyderabad,Hyd,Hyderabad,"8-2-293/82/A/1096,Lower Ground","Floor Road No-36,Jubilee Hills",Hyd,NULL,NULL,1,Omni Model,Omni Pilot,Outlet,Oven,Rajsekhar, FY21 & FY22 ,Existing,19,NULL,New,58,yes,31-03-2021,Yes,01-04-2022,01-04-2022,01-04-2024,36.05263158,>3 years,New Model,TS,New Model - Ele & Gas,Tankers,PAN India,1 to 1.5K Sq Ft,NULL,1518,362655,19675676,Chilled,96.22772725,13.24416882,NULL,Set 1,34,17,0,40,Metro,Launch,FY23,HOD,HYD2,Focus Store,NULL,Hrishi ,https://www.zomato.com/hyderabad/paradise-biryani-jubilee-hills,https://www.swiggy.com/restaurants/paradise-biryani-jubilee-hills-hyderabad-362655
S1126,Charminar,Charminar,Hyderabad,Hyd,Hyderabad,"First Floor,M. No-22-5-25 to29","Charminar, Hyderabad",Hyd,NULL,NULL,1,Omni Model,Omni Rest,Outlet,Oven,Santosh, FY21 & FY22 ,Existing,20,NULL,New,38,yes,18-10-2021,Yes,01-11-2022,01-11-2022,01-04-2024,29.44078947,1-3 years,New Model,TS,New Model - Ele & Gas,Tankers,PAN India,1 to 1.5K Sq Ft,NULL,1234,425713,19939740,Chilled,78.613022,25.37249319,NULL,Set 1,20,10,4,20,Metro,Launch,FY23,HOD,HYD4,Focus Store,NULL,Rajeesh ,https://www.zomato.com/hyderabad/paradise-biryani-1-charminar,https://www.swiggy.com/restaurants/paradise-biryani-charminar-hyderabad-425713
New 53,New 53,New 53,Bangalore,ROH,Bangalore,NULL,NULL,Bglr,NULL,NULL,2,Omni Model,Other,Outlet,NULL,NULL,FY23 Outlets,New FY23,NULL,NULL,New,NULL,NULL,NULL,NULL,NULL,NULL,NULL,NULL,NULL,NULL,NULL,NULL,NULL,NULL,NULL,NULL,0,NA,NA,NULL,NULL,NULL,NULL,Set 2,NULL,NULL,NULL,NULL,NULL,NULL,NULL,NULL,NULL,None,NULL,NULL,NULL,NULL
New 54,New 54,New 54,Chennai,ROH,Chennai,NULL,NULL,Chn,NULL,NULL,3,Omni Model,Other,Outlet,NULL,NULL,FY23 Outlets,New FY23,NULL,NULL,New,NULL,NULL,NULL,NULL,NULL,NULL,NULL,NULL,NULL,NULL,NULL,NULL,NULL,NULL,NULL,NULL,0,NA,NA,NULL,NULL,NULL,NULL,Set 2,NULL,NULL,NULL,NULL,NULL,NULL,NULL,NULL,NULL,None,NULL,NULL,NULL,NULL
New 55,New 55,New 55,RO TS,ROH,NULL,NULL,NULL,ROTS,NULL,NULL,8,Omni Model,Other,Outlet,NULL,NULL,FY23 Outlets,New FY23,NULL,NULL,New,NULL,NULL,NULL,NULL,NULL,NULL,NULL,NULL,NULL,NULL,NULL,NULL,NULL,NULL,NULL,NULL,0,NA,NA,NULL,NULL,NULL,NULL,Set 2,NULL,NULL,NULL,NULL,NULL,NULL,NULL,NULL,NULL,None,NULL,NULL,NULL,NULL
S1127,Hanamkonda,Hanamkonda,RO TS,ROH,Hanamkonda,"Ground Floor, 2-5-673 & 2-5-67","Mainroad, Subedari,Hanumakonda",ROTS,NULL,NULL,8,Omni Model,Omni Rest,Outlet,Oven,Renin, FY21 & FY22 ,Existing,1,NULL,New,50,yes,08-11-2021,Yes,01-12-2022,01-12-2022,01-04-2024,28.75,1-3 years,New Model,TS,New Model - Ele & Gas,Tankers,PAN India,1 to 1.5K Sq Ft,NULL,1580,435820,19975936,Chilled,78.34355339,18.23978245,NULL,Set 2,30,15,4,30,T1,Launch,FY23,NULL,Andhra,Focus,NULL,NULL,https://www.zomato.com/warangal/paradise-biryani-1-hanamakonda,https://www.swiggy.com/restaurants/paradise-biryani-hanumakonda-shastri-nagar-warangal-435820
S3103,Vizianagaram,Vizianagaram,RO AP,ROH,Vizianagaram,"C- BLOCK,G2,FORTUNE GAJAPATHI,",100FT RINGROAD SRINIVASA NAGAR,ROAP,NULL,NULL,9,Omni Model,Other,Outlet,Oven,Ramesh, FY21 & FY22 ,Closed,2,NULL,New,46,No,30-11-2021,No,01-12-2022,NULL,01-04-2024,28.02631579,1-3 years,New Model,TS,New Model - Ele & Gas,Tankers,PAN India,1 to 1.5K Sq Ft,NULL,1682,445774,20013057,Frozen,77.45055234,17.78746271,01-04-2023,Set 2,20,10,4,20,T2,NULL,NULL,NULL,NULL,Others,NULL,NULL,NULL,https://www.swiggy.com/restaurants/costa-coffee-galleria-market-gurgaon-445774
S3401,Kurnool,Kurnool,RO AP,ROH,Kurnool,"The Mourya Inn Hotel, G-Floor","Sy. No-91, 40-304, K. J. Compl",ROAP,NULL,NULL,9,Omni Model,Omni Rest,Outlet,Oven,Jeswin, FY21 & FY22 ,Existing,3,NULL,New,46,yes,06-12-2021,Yes,01-01-2023,01-01-2023,01-04-2024,27.82894737,1-3 years,New Model,TS,New Model - Ele & Gas,Tankers,PAN India,1 to 1.5K Sq Ft,NULL,1479,447396,20023195,Frozen,77.35864971,16.24230146,NULL,Set 2,52,26,4,52,T1,Launch,FY23,NULL,Andhra,Focus,NULL,NULL,https://www.zomato.com/kurnool/paradise-biryani-kurnool-locality,https://www.swiggy.com/restaurants/paradise-biryani-mourya-inn-kurnool-447396
S3402,Eluru,Eluru,RO AP,ROH,Eluru,"D.No:4-1-10&11,Gr Flr,Near LIC","Agraharamon , 13th Division",ROAP,NULL,NULL,9,Omni Model,Omni Rest,Outlet,Oven,Jeswin, FY21 & FY22 ,Existing,4,NULL,New,50,yes,20-12-2021,Yes,01-01-2023,01-01-2023,01-04-2024,27.36842105,1-3 years,New Model,TS,New Model - Ele & Gas,Tankers,PAN India,1 to 1.5K Sq Ft,NULL,1600,450337,20034108,Frozen,76.9200691,16.18409046,NULL,Set 2,12,6,4,13,T2,Launch,FY23,NULL,Andhra,Focus,NULL,NULL,https://www.zomato.com/eluru/paradise-biryani-eluru-locality,https://www.swiggy.com/restaurants/paradise-biryani-eluru-eluru-450337
S1131,Sarath City Capital Mall,Sarath City Capital Mall,Hyderabad,Hyd,Hyderabad,"Unit No. 4F-FC-03, 4th Floor","Sarath City Mall, Kothaguda",Hyd,Yes,Gachibowli,1,Mall/FC,Omni Rest,Outlet,Oven,Nitya, FY21 & FY22 ,Existing,24,NULL,New,42,yes,14-02-2022,Yes,01-03-2023,01-03-2023,01-04-2024,25.52631579,1-3 years,Express,TS,Express,W/o Tankers,PAN India,<1k Sq Ft,NULL,1400,558549,20308143,Chilled,56.675581,16.26305732,NULL,Set 1,10,5,4,10,Metro,Launch,FY23,Rolls_Pilot,HYD5,Others,NULL,NULL,https://www.zomato.com/hyderabad/paradise-biryani-a-legend-since-1953-kondapur,https://www.swiggy.com/restaurants/paradise-biryani-serlingampally-circle-sarathcity-capital-mall-hyderabad-558549
S3403,Rajahmundry,Rajahmundry,RO AP,ROH,Rajahmundry,"Door no:87-1-11GVS Complex,","Thadithota,RTC Complex Road",ROAP,NULL,NULL,9,Omni Model,Omni Rest,Outlet,Oven,Jeswin, FY21 & FY22 ,Existing,5,NULL,New,44,yes,10-01-2022,Yes,01-02-2023,01-02-2023,01-04-2024,26.67763158,1-3 years,New Model,TS,New Model - Ele & Gas,Tankers,PAN India,1 to 1.5K Sq Ft,NULL,1560,465000,20084709,Frozen,77.45055234,16.04008188,NULL,Set 2,32,16,4,32,T1,Launch,FY23,NULL,Andhra,Focus,NULL,NULL,https://www.zomato.com/rajahmundry/paradise-biryani-rajahmundry-locality,https://www.swiggy.com/restaurants/paradise-biryani-morampudi-road-tadi-tota-rajahmundry-465000
New 56,New 56,New 56,RO AP,ROH,NULL,NULL,NULL,ROAP,NULL,NULL,9,Omni Model,Other,Outlet,NULL,NULL,FY23 Outlets,New FY23,NULL,NULL,New,NULL,NULL,NULL,NULL,NULL,NULL,NULL,NULL,NULL,NULL,NULL,NULL,NULL,NULL,NULL,NULL,0,NA,NA,NULL,NULL,NULL,NULL,Set 2,NULL,NULL,NULL,NULL,NULL,NULL,NULL,NULL,NULL,None,NULL,NULL,NULL,NULL
New 57,New 57,New 57,Hyderabad,Hyd,Hyderabad,NULL,NULL,Hyd,NULL,NULL,1,Omni Model,Other,Outlet,NULL,NULL,FY23 Outlets,New FY23,NULL,NULL,New,NULL,NULL,NULL,NULL,NULL,NULL,NULL,NULL,NULL,NULL,NULL,NULL,NULL,NULL,NULL,NULL,0,NA,NA,NULL,NULL,NULL,NULL,Set 1,NULL,NULL,NULL,NULL,NULL,NULL,NULL,NULL,NULL,None,NULL,NULL,NULL,NULL
S1146,RTC X Roads,RTC X Roads,Hyderabad,Hyd,Hyderabad,"No.1-1-18/82,GF, Jahawar Nagar",Chikkadpally,Hyd,Yes,NULL,1,Omni Model,Omni Rest,Outlet,Oven,Santosh,FY23 Outlets,New FY23,33,NULL,New,48,yes,03-09-2022,Yes,01-10-2023,01-10-2023,01-04-2024,18.91447368,1-3 years,New Model,TS,New Model - Ele & Gas,Tankers,PAN India,1 to 1.5K Sq Ft,NULL,1514,596838,20394050,Chilled,82.19,16.6,NULL,Set 1,16,8,4,17,Metro,Launch,NULL,Zero_Packaging,HYD1,Others,NULL,NULL,https://www.zomato.com/hyderabad/paradise-biryani-rtc-x-roads,https://www.swiggy.com/restaurants/paradise-biryani-chikkadpally-rtc-x-road-hyderabad-596838
S1130,Manikonda,Manikonda,Hyderabad,Hyd,Hyderabad,"D.No:7-1/A,ground floor","Sunshine regalus, Manikonda",Hyd,Yes,Jubilee Hills,1,Omni Model,Omni Pilot,Outlet,Oven,Rajsekhar, FY21 & FY22 ,Existing,23,NULL,New,42,yes,07-02-2022,Yes,01-03-2023,01-03-2023,01-04-2024,25.75657895,1-3 years,New Model,TS,New Model - Ele & Gas,Tankers,PAN India,1 to 1.5K Sq Ft,NULL,1450,475583,20126844,Chilled,77.04053158,15.14448092,NULL,Set 1,30,15,4,30,Metro,Launch,FY23,HOD,HYD2,Focus Store,NULL,Hrishi ,https://www.zomato.com/hyderabad/paradise-biryani-manikonda,https://www.swiggy.com/restaurants/paradise-biryani-gandipet-mandal-manikonda-hyderabad-475583
S1156,Gudimalkapur,Gudimalkapur,Hyderabad,Hyd,Hyderabad,"GF, No.12-2-709/B/3/A/1",Gudimalkapur,Hyd,NULL,NULL,1,Omni Model,Omni Rest,Outlet,Oven,Rajsekhar,FY23 Outlets,New FY23,40,NULL,New,40,yes,03-02-2023,Yes,01-03-2024,01-03-2024,01-04-2024,13.88157895,1-3 years,New Model,TS,New Model - Ele & Gas,NULL,PAN India,1 to 1.5K Sq Ft,NULL,0,647286,20508147,Chilled,80.11794,17.54473534,NULL,Set 1,20,10,4,20,Metro,Pilot,NULL,Zero_Packaging,HYD2,Others,NULL,NULL,https://www.zomato.com/hyderabad/paradise-biryani-a-legend-since-1953-mehdipatnam,https://www.swiggy.com/restaurants/paradise-biryani-mehdipatnam-circle-gudimalkapur-hyderabad-647286
S1132,Praga Mall,Praga Mall,Hyderabad,Hyd,Hyderabad,"WARD No:6, BLOCK -6,PLOT No:1","NECKLACE PragaMall, Kavadiguda",Hyd,Yes,NULL,1,Mall/FC,Other,Outlet,Oven,Nitya,FY23 Outlets,Closed,25,NULL,New,0,No,18-04-2022,No,01-05-2023,NULL,01-04-2024,23.45394737,1-3 years,Express,TS,Express,W/o Tankers,PAN India,<1k Sq Ft,NULL,396,524996,20240542,Chilled,49.17125411,17.52855332,01-02-2023,Set 1,14,7,0,20,Metro,NULL,NULL,NULL,NULL,Others,NULL,NULL,NULL,https://www.swiggy.com/restaurants/paradise-biryani-kavadiguda-praga-mall-hyderabad-524996
S1133,Moosarambagh,Moosarambagh,Hyderabad,Hyd,Hyderabad,"H.No 16-11-16/13, Plot No.3",Moosarambagh,Hyd,Yes,MGBS,1,Omni Model,Other,Outlet,Oven,Rajsekhar,FY23 Outlets,Closed,27,NULL,New,42,No,18-04-2022,No,01-05-2023,NULL,01-04-2024,23.45394737,1-3 years,New Model,TS,New Model - Ele & Gas,Tankers,PAN India,1 to 1.5K Sq Ft,NULL,1620,526959,20258057,Chilled,78.19700167,21.82683132,12-12-2022,Set 1,0,0,4,NULL,Metro,NULL,NULL,NULL,NULL,None,NULL,NULL,NULL,https://www.swiggy.com/restaurants/paradise-biryani-potluris-archies-castle-moosarambagh-hyderabad-526959
S1136,Sarath City Mall GF,Sarath City Mall GF,Hyderabad,Hyd,Hyderabad,"Unit No. GF-FC-21,Ground floor","Sarath City Mall, Kothaguda",Hyd,Yes,Gachibowli,1,Mall/FC,Omni Rest,Outlet,Oven,Nitya,FY23 Outlets,New FY23,26,NULL,New,0,yes,18-04-2022,Yes,01-05-2023,01-05-2023,01-04-2024,23.45394737,1-3 years,Express,TS,Express,W/o Tankers,PAN India,<1k Sq Ft,NULL,570,558549,20308143,Chilled,70.85227921,15.13430924,NULL,Set 1,6,3,8,6,Metro,Launch,NULL,NULL,HYD5,Others,NULL,NULL,https://www.zomato.com/hyderabad/paradise-biryani-kondapur,https://www.swiggy.com/restaurants/paradise-biryani-serlingampally-circle-sarathcity-capital-mall-hyderabad-558549
New 58,New 58,New 58,RO AP,ROH,NULL,NULL,NULL,ROAP,NULL,NULL,9,Omni Model,Other,Outlet,NULL,NULL,FY23 Outlets,New FY23,NULL,NULL,New,NULL,NULL,NULL,NULL,NULL,NULL,NULL,NULL,NULL,NULL,NULL,NULL,NULL,NULL,NULL,NULL,0,NA,NA,NULL,NULL,NULL,NULL,Set 2,NULL,NULL,NULL,NULL,NULL,NULL,NULL,NULL,NULL,None,NULL,NULL,NULL,NULL
New 59,New 59,New 59,Chennai,ROH,Chennai,NULL,NULL,Chn,NULL,NULL,3,Omni Model,Other,Outlet,NULL,NULL,FY23 Outlets,New FY23,NULL,NULL,New,NULL,NULL,NULL,NULL,NULL,NULL,NULL,NULL,NULL,NULL,NULL,NULL,NULL,NULL,NULL,NULL,0,NA,NA,NULL,NULL,NULL,NULL,Set 2,NULL,NULL,NULL,NULL,NULL,NULL,NULL,NULL,NULL,None,NULL,NULL,NULL,NULL
S1134,Nizamabad,Nizamabad,RO TS,ROH,Nizamabad,"No.5-9-49, Opp. Police Grounds",Kanteshwar Raod,ROTS,NULL,NULL,8,Omni Model,Other,Outlet,Oven,Santosh,FY23 Outlets,Closed,2,NULL,New,42,No,24-04-2022,No,01-05-2023,NULL,01-04-2024,23.25657895,1-3 years,New Model,TS,New Model - Ele & Gas,Tankers,PAN India,1 to 1.5K Sq Ft,NULL,1500,526958,20256857,Chilled,77.99316353,18.4845585,01-02-2024,Set 2,30,15,4,30,T2,Launch,NULL,NULL,HYD1,Focus,NULL,NULL,https://www.zomato.com/nizamabad/paradise-biryani-nizamabad-locality,https://www.swiggy.com/restaurants/paradise-biryani-yellammagutta-nizamabad-nizamabad-526958
S1135,Jadcherla Highway,Jadcherla Highway,RO TS,ROH,Mahbubnagar,"No. 9-48/1, Plot No.148/B","Balanagar village, Jadcherla",ROTS,NULL,NULL,8,Highway,Omni Rest,Outlet,Oven,Nitya,FY23 Outlets,New FY23,3,NULL,New,62,yes,08-05-2022,Yes,01-06-2023,01-06-2023,01-04-2024,22.79605263,1-3 years,New Model,TS,New Model - Ele & Gas,Tankers,PAN India,1 to 1.5K Sq Ft,NULL,2530,526960,NA,Chilled,44.70984576,24.0268347,NULL,Set 2,20,10,4,20,T2,Launch,NULL,NULL,HYD5,Focus,NULL,NULL,https://www.zomato.com/mahbubnagar/paradise-biryani-mahbubnagar-locality,https://www.swiggy.com/restaurants/paradise-biryani-balanagar-jadcherla-hyderabad-526960
S1137,GSM MALL,GSM MALL,Hyderabad,Hyd,Hyderabad,"GSM Mall, 3rd Floor","Madeenaguda, Serilingampally",Hyd,Yes,Kukatpally,1,Mall/FC,Omni Rest,Outlet,Oven,Nitya,FY23 Outlets,New FY23,28,NULL,New,28,yes,29-05-2022,Yes,01-06-2023,01-06-2023,01-04-2024,22.10526316,1-3 years,New Model,TS,New Model,W/o Tankers,PAN India,<1k Sq Ft,NULL,990,535930,20276503,Chilled,44.94238832,21.99934455,NULL,Set 1,10,5,4,10,Metro,Launch,NULL,NULL,HYD5,Others,NULL,NULL,https://www.zomato.com/hyderabad/paradise-biryani-hafeezpet,https://www.swiggy.com/restaurants/paradise-biryani-rangareddy-gsm-mall-hyderabad-535930
S1138,Warangal,Warangal,RO TS,ROH,Warangal,"3-16-184,SriSai Inn, Mulugu Cr","Rangampet, Warangal",ROTS,NULL,NULL,8,Omni Model,Omni Rest,Outlet,Oven,Renin,FY23 Outlets,New FY23,4,NULL,New,44,yes,29-05-2022,Yes,01-06-2023,01-06-2023,01-04-2024,22.10526316,1-3 years,New Model,TS,New Model,W/o Tankers,PAN India,1 to 1.5K Sq Ft,NULL,1625,535931,20276528,Chilled,78.00304056,19.50816453,NULL,Set 2,30,15,4,30,T1,Launch,NULL,NULL,Andhra,Others,NULL,NULL,https://www.zomato.com/warangal/paradise-biryani-ramannapet,https://www.swiggy.com/restaurants/paradise-biryani-rangampet-warangal-warangal-535931
S3405,Kadapa,Kadapa,RO AP,ROH,Kadapa,"No.39/622-74,Ward No.39","RTC Bus Stand Road, Kadapa",ROAP,NULL,NULL,9,Omni Model,Other,Outlet,Oven,Jeswin,FY23 Outlets,Closed,7,NULL,New,52,No,14-06-2022,No,01-07-2023,NULL,01-04-2024,21.57894737,1-3 years,New Model,AP,New Model - Ele & Gas,Tankers,PAN India,1 to 1.5K Sq Ft,NULL,1771,559339,20308724,Frozen,78.40079815,19.78049983,11-09-2023,Set 2,30,15,4,30,T1,Launch,NULL,NULL,Andhra,Others,NULL,NULL,NULL,https://www.swiggy.com/restaurants/paradise-biryani-rtc-bus-stand-road-kadapa-kadapa-559339
S3404,Ananthapur,Ananthapur,RO AP,ROH,Ananthapur,"H.No. 1-806-B, GF, Kakkapalli",Rudrampeta,ROAP,NULL,NULL,9,Highway,Other,Outlet,Oven,Jeswin,FY23 Outlets,Closed,6,NULL,New,48,No,24-06-2022,No,01-07-2023,NULL,01-04-2024,21.25,1-3 years,New Model,TS,New Model - Ele & Gas,Tankers,PAN India,1 to 1.5K Sq Ft,NULL,1590,537338,20289054,Frozen,77.63295532,23.96520614,09-09-2023,Set 2,30,15,4,30,T1,Launch,NULL,NULL,Andhra,Closed,NULL,NULL,NULL,https://www.swiggy.com/restaurants/paradise-biryani-srinagar-colony-anantapur-anantapur-537338
S1139,Bowenpally,Bowenpally,Hyderabad,Hyd,Hyderabad,"ROYAL ENCLAVE,PLOT No:2",Near Hasmathpet Road,Hyd,Yes,NULL,1,Omni Model,Omni Rest,Outlet,Oven,Santosh,FY23 Outlets,New FY23,29,NULL,New,40,yes,30-06-2022,Yes,01-07-2023,01-07-2023,01-04-2024,21.05263158,1-3 years,New Model,TS,New Model - Ele & Gas,Tankers,PAN India,1 to 1.5K Sq Ft,NULL,1354,570561,20332855,Chilled,77.47749096,20.43192181,NULL,Set 1,16,8,4,17,Metro,Launch,NULL,NULL,HYD4,Others,NULL,NULL,https://www.zomato.com/hyderabad/paradise-biryani-bowenpally-secunderabad,https://www.swiggy.com/restaurants/paradise-biryani-kukatpally-circle-bowenpally-hyderabad-570561
S1140,Film Nagar,Film Nagar,Hyderabad,Hyd,Hyderabad,"GF, SHAIKPET VILLAGE,102/1","Road No:82, JUBILEE HILLS",Hyd,Yes,Jubilee Hills,1,Omni Model,Other,Outlet,Oven,Rajsekhar,FY23 Outlets,Closed,30,NULL,New,40,No,30-06-2022,No,01-07-2023,NULL,01-04-2024,21.05263158,1-3 years,New Model,TS,New Model - Ele & Gas,Tankers,PAN India,1 to 1.5K Sq Ft,NULL,1270,570559,20332981,Chilled,77.99100483,19.70793549,30-10-2023,Set 1,20,10,4,20,Metro,Launch,NULL,NULL,HYD2,TBC,NULL,NULL,NULL,https://www.swiggy.com/restaurants/paradise-biryani-jubilee-hills-circle-film-nagar-hyderabad-570559
S3406,Nellore,Nellore,RO AP,ROH,Nellore,"PLOT No:398,MAGUNTA LAYOUT","MUNICIPALCORP,SPSR,NELLORE",ROAP,NULL,NULL,9,Omni Model,Omni Pilot,Outlet,Oven,Jeswin,FY23 Outlets,New FY23,9,NULL,New,46,yes,16-07-2022,Yes,01-08-2023,01-08-2023,01-04-2024,20.52631579,1-3 years,New Model,AP,New Model - Ele & Gas,Tankers,PAN India,1 to 1.5K Sq Ft,NULL,1860,575495,20341727,Frozen,77.89534065,17.94739486,NULL,Set 2,30,15,4,30,T1,Launch,NULL,NULL,Andhra,Focus,NULL,NULL,https://www.zomato.com/nellore/paradise-biryani-1-nellore-locality,https://www.swiggy.com/restaurants/paradise-biryani-magunta-layout-nellore-nellore-575495
S1142,Uppal Store,Uppal,Hyderabad,Hyd,Hyderabad,"No. 2-1-57/A/39, Plot no.39&40","VenkatesaraColony, UppalCircle",Hyd,Yes,NULL,1,Omni Model,Omni Rest,Outlet,Oven,Rajsekhar,FY23 Outlets,New FY23,31,NULL,New,46,yes,30-07-2022,Yes,01-08-2023,01-08-2023,01-04-2024,20.06578947,1-3 years,New Model,TS,New Model - Ele & Gas,Tankers,PAN India,1 to 1.5K Sq Ft,NULL,1953,577846,20349259,Chilled,78.10534655,20.94000686,NULL,Set 1,20,10,0,27,Metro,Pilot,NULL,NULL,HYD4,Others,NULL,NULL,https://www.zomato.com/hyderabad/paradise-biryani-uppal-secunderabad,https://www.swiggy.com/restaurants/paradise-biryani-venkateshwara-colony-uppal-hyderabad-577846
S3105,NAD Junction,NAD Jn,RO AP,ROH,Vizag,"No.21/1C1,GF,Vepagunta(Mpl.Cor","Visakhapatnam, Andhara Pradesh",ROAP,NULL,NULL,9,Omni Model,Omni Pilot,Outlet,Oven,Renin,FY23 Outlets,New FY23,8,NULL,New,52,yes,31-07-2022,Yes,01-08-2023,01-08-2023,01-04-2024,20.03289474,1-3 years,New Model,AP,New Model - Ele & Gas,Tankers,PAN India,1 to 1.5K Sq Ft,NULL,2411,589828,20377966,Frozen,78.16554498,17.68819273,NULL,Set 2,30,15,4,30,T1,Launch,NULL,NULL,Andhra,Others,NULL,NULL,https://www.zomato.com/visakhapatnam/paradise-biryani-nad-junction-vizag,https://www.swiggy.com/restaurants/paradise-biryani-nad-vizag-vizag-589828
S1144,Lingampally,Lingampally,Hyderabad,Hyd,Hyderabad,"No.5-53/NR,Plot no.53","Adarsha Nagar,Serilingampally",Hyd,Yes,NULL,1,Omni Model,Omni Rest,Outlet,Oven,Nitya,FY23 Outlets,New FY23,32,NULL,New,40,yes,11-08-2022,Yes,01-09-2023,01-09-2023,01-04-2024,19.67105263,1-3 years,New Model,TS,New Model - Ele & Gas,Tankers,PAN India,1 to 1.5K Sq Ft,NULL,1369,590714,20380935,Chilled,80.84782591,19.10097506,NULL,Set 1,26,13,0,34,Metro,Launch,NULL,HOD,HYD5,Focus Store,NULL,Rajeesh ,https://www.zomato.com/hyderabad/paradise-biryani-1-lingampally,https://www.swiggy.com/restaurants/paradise-biryani-paradise-circle-lingampally-hyderabad-590714
S3407,Ananthapur_Dharamavaram,Cube_Ananthapur,RO AP,ROH,Ananthapur,"Gf, No.44, Regatipalli Village","Dharmavaram, Ananthapur",ROAP,NULL,NULL,9,Highway,Other,Outlet,Oven,NULL,FY23 Outlets,Closed,10,NULL,New,0,No,26-08-2022,No,01-09-2023,NULL,01-04-2024,19.17763158,1-3 years,New Model,AP,New Model - Ele & Gas,Tankers,PAN India,1 to 1.5K Sq Ft,NULL,392,NULL,NULL,Frozen,50,26.4,01-02-2023,Set 2,16,8,0,22,T2,NULL,NULL,NULL,NULL,Others,NULL,NULL,NULL,NULL
S1141,Mahbubnagar,Mahbubnagar,RO TS,ROH,Mahbubnagar,"Survey No.102/3, WardNo.8","Beside Govt Hosp,Mettugadda",ROTS,NULL,NULL,8,Omni Model,Other,Outlet,Oven,Nitya,FY23 Outlets,Closed,5,NULL,New,50,No,29-08-2022,No,01-09-2023,NULL,01-04-2024,19.07894737,1-3 years,New Model,TS,New Model - Ele & Gas,Tankers,PAN India,1 to 1.5K Sq Ft,NULL,1757,570560,20332964,Chilled,80.76569597,18.00895271,16-07-2023,Set 2,44,22,0,50,T2,Launch,NULL,NULL,NULL,Closed,NULL,NULL,NULL,https://www.swiggy.com/restaurants/paradise-biryani-mettugadda-mahbubnagar-mahbubnagar-570560
S1157,Pragathi Nagar,Pragathi Nagar,Hyderabad,Hyd,Hyderabad,6-52/1518-28/101-102 LahariEst,"Pragathi Nagar,Quthbullapur,RR",Hyd,NULL,NULL,1,Omni Model,Omni Rest,Outlet,Oven,Nitya,FY23 Outlets,New FY23,41,NULL,New,44,yes,03-03-2023,Yes,01-04-2024,01-04-2024,01-04-2024,12.96052632,1-3 years,New Model,TS,New Model - Ele & Gas,Tankers,PAN India,1 to 1.5K Sq Ft,NULL,1500,666505,20558564,Chilled,80.6,15.9,NULL,Set 1,40,20,NULL,NULL,Metro,Launch,NULL,"Rolls_Pilot, Price_Rollback",HYD5,Others,NULL,NULL,https://www.zomato.com/hyderabad/paradise-biryani-a-legend-since-1953-nizampet,https://www.swiggy.com/restaurants/paradise-biryani-lahari-estates-pragathi-nagar-hyderabad-666505
S3104,Vizag Beach Road,Vizag Beach Rd,RO AP,ROH,Vizag,"D.No.7-24-6/1,Kirlampudi Lyout",Beach Road,ROAP,NULL,NULL,9,Omni Model,Omni Rest,Outlet,Oven,Renin,FY23 Outlets,New FY23,11,NULL,New,40,yes,13-09-2022,Yes,01-10-2023,01-10-2023,01-04-2024,18.58552632,1-3 years,New Model,AP,New Model - Ele & Gas,Tankers,PAN India,1 to 1.5K Sq Ft,NULL,1516,608762,20417321,Frozen,81.09,17.7,NULL,Set 2,30,15,4,30,T1,Launch,NULL,NULL,Andhra,Others,NULL,NULL,https://www.zomato.com/visakhapatnam/paradise-biryani-kirlampudi-layout-vizag,https://www.swiggy.com/restaurants/paradise-biryani-visakhapatnam-beach-road-vizag-608762
S1147,Muthangi,Muthangi,RO TS,ROH,Muthangi,"GF, PLot No.17&18, No.527/1","Muthangi, Patancheru, Sangared",ROTS,NULL,NULL,8,Highway,Omni Rest,Outlet,Oven,Nitya,FY23 Outlets,New FY23,6,NULL,New,46,yes,26-09-2022,Yes,01-10-2023,01-10-2023,01-04-2024,18.15789474,1-3 years,New Model,TS,New Model - Ele & Gas,Tankers,PAN India,1 to 1.5K Sq Ft,NULL,1494,608763,20417329,Chilled,55.61,22.9,NULL,Set 2,20,10,0,27,T2,Launch,NULL,NULL,HYD5,Others,NULL,NULL,https://www.zomato.com/hyderabad/paradise-biryani-patancheru,https://www.swiggy.com/restaurants/paradise-biryani-sangareddy-muthangi-hyderabad-608763
S1148,Suncity,Suncity,Hyderabad,Hyd,Hyderabad,"H.No.13-20/70, Gandhamguda","Bandlaguda, Gandipet, RR Dist.",Hyd,NULL,NULL,1,Omni Model,Omni Rest,Outlet,Oven,Rajsekhar,FY23 Outlets,New FY23,34,NULL,New,40,yes,30-09-2022,Yes,01-10-2023,01-10-2023,01-04-2024,18.02631579,1-3 years,New Model,TS,New Model - Ele & Gas,Tankers,PAN India,1 to 1.5K Sq Ft,NULL,1369,610641,20423114,Chilled,80.56,17.4,NULL,Set 1,30,15,0,37,Metro,Pilot,NULL,HOD,HYD2,Focus Store,NULL,Hrishi ,https://www.zomato.com/hyderabad/paradise-biryani-langer-houz,https://www.swiggy.com/restaurants/paradise-biryani-gandhamguda-suncity-hyderabad-610641
S1149,Siddipet,Siddipet,RO TS,ROH,Siddipet,"No.18-19-25/1,Opp.MPDO Office",Siddipet Dist.,ROTS,NULL,NULL,8,Omni Model,Other,Outlet,Oven,Nitya,FY23 Outlets,Closed,7,NULL,New,24,No,30-09-2022,No,01-10-2023,NULL,01-04-2024,18.02631579,1-3 years,New Model,TS,New Model - Ele & Gas,NULL,PAN India,1 to 1.5K Sq Ft,NULL,1205,610642,20423204,Chilled,55.05,25.7,16-07-2023,Set 2,10,5,4,10,T2,Launch,NULL,NULL,NULL,Closed,NULL,NULL,NULL,https://www.swiggy.com/restaurants/paradise-biryani-mpdo-office-siddipet-siddipet-610642
S3202,Tadepalli,Tadepalli,RO AP,ROH,Guntur,"D.No.12-459/5, Beside Sonovisi",Near Old check post area,ROAP,NULL,NULL,9,Omni Model,Omni Rest,Outlet,Oven,Jeswin,FY23 Outlets,New FY23,12,NULL,New,48,yes,19-10-2022,Yes,01-11-2023,01-11-2023,01-04-2024,17.40131579,1-3 years,New Model,AP,New Model - Ele & Gas,Tankers,PAN India,1 to 1.5K Sq Ft,NULL,1731,623300,20451999,Chilled,77.8989851,15.35964587,NULL,Set 2,30,15,4,30,T1,Launch,NULL,NULL,Andhra,Others,NULL,NULL,https://www.zomato.com/vijayawada/paradise-biryani-tadepalli,https://www.swiggy.com/restaurants/paradise-biryani-near-old-check-post-area-tadepalli-vijayawada-623300
S1151,Mallapur,Mallapur,Hyderabad,Hyd,Hyderabad,"GF, No.3-4-98/54","NFC bridge, Noma enclave",Hyd,NULL,NULL,1,Omni Model,Omni Rest,Outlet,Oven,Santosh,FY23 Outlets,New FY23,35,NULL,New,42,yes,25-10-2022,Yes,01-11-2023,01-11-2023,01-04-2024,17.20394737,1-3 years,New Model,TS,New Model - Ele & Gas,Tankers,PAN India,1 to 1.5K Sq Ft,NULL,1536,623775,20457346,Chilled,80.781,12.37269725,NULL,Set 1,30,15,0,37,Metro,Launch,NULL,NULL,HYD1,Others,NULL,NULL,https://www.zomato.com/hyderabad/paradise-biryani-mallapur-secunderabad,https://www.swiggy.com/restaurants/paradise-biryani-noma-enclave-mallapur-hyderabad-623775
S1143,Nizampet,Nizampet,Hyderabad,Hyd,Hyderabad,"DR No:3-1/, SYNo:272",BACHUPALLY MANDAL,Hyd,NULL,NULL,1,Omni Model,Other,Outlet,Oven,NULL,FY23 Outlets,New FY23,42,NULL,New,40,No,NULL,No,01-02-1901,NULL,01-04-2024,1492.828947,>3 years,New Model,TS,New Model - Ele & Gas,Tankers,PAN India,1 to 1.5K Sq Ft,NULL,2222,NULL,20390013,Chilled,NULL,NULL,NULL,Set 1,NULL,NULL,NULL,NULL,NULL,NULL,NULL,NULL,NULL,None,NULL,NULL,NULL,NULL
S1145,Padmarao Nagar,Padmarao Nagar,Hyderabad,Hyd,Hyderabad,"No.6-1-346/1,GF, New Boiguda",Padmarao Nagar,Hyd,NULL,NULL,1,Omni Model,Omni Rest,Outlet,Oven,Santosh,FY23 Outlets,New FY23,36,NULL,New,38,yes,16-11-2022,Yes,01-12-2023,01-12-2023,01-04-2024,16.48026316,1-3 years,New Model,TS,New Model - Ele & Gas,Tankers,PAN India,1 to 1.5K Sq Ft,NULL,1310,626811,20461859,Chilled,80.49109311,19.62783243,NULL,Set 1,20,10,4,20,Metro,Launch,NULL,HOD,HYD1,Focus Store,NULL,Dinesh ,https://www.zomato.com/hyderabad/paradise-biryani-padmarao-nagar-secunderabad,https://www.swiggy.com/restaurants/paradise-biryani-new-boiguda-padmarao-nagar-hyderabad-626811
S1150,AMR Planet Mall,AMR Planet Mall,Hyderabad,Hyd,Hyderabad,"2nd Floor, Sy.No.373/1&3","Moula Ali,ECIL Ext.,Malkajgiri",Hyd,NULL,NULL,1,Mall/FC,Other,Outlet,Oven,Santosh,FY23 Outlets,Closed,38,NULL,New,NULL,No,25-12-2022,No,01-01-2024,NULL,01-04-2024,15.19736842,1-3 years,New Model,TS,New Model - Ele & Gas,Tankers,PAN India,1 to 1.5K Sq Ft,NULL,318,610643,20423265,Chilled,50.1,19.9,01-11-2023,Set 1,12,6,NULL,NULL,Metro,Launch,NULL,NULL,HYD1,TBC,NULL,NULL,NULL,https://www.swiggy.com/restaurants/paradise-biryani-ecil-extn-amr-planet-hyderabad-610643
PF0304,Sector 29,Sector 29,NCR,ROH, ,NULL,NULL,NCR, , ,6,Express,Other,Outlet,NULL,NULL,Until FY19,Closed,NULL,PF0304,Old,16,NULL,18-12-2017,No,NULL,NULL,NULL,NULL,NULL,NULL,NULL,NULL,NULL,NULL,NULL,NULL,900,NA,NA,NULL,NULL,NULL,30-04-2018,Set 2,NULL,NULL,NULL,NULL,NULL,NULL,NULL,NULL,NULL,None,NULL,NULL,NULL,NULL
PF033,BLR Koramangla,Koramangla,Bangalore,ROH,Bangalore,NULL,NULL,Bglr,NULL,NULL,2,FSR,Other,Outlet,NULL,NULL,Until FY19,Closed,3,PF033,Old,252,NULL,28-10-2015,No,NULL,NULL,NULL,NULL,NULL,NULL,NULL,NULL,NULL,NULL,NULL,NULL,10305,NA,NA,NULL,NULL,NULL,06-09-2018,Set 2,NULL,NULL,NULL,NULL,Metro,NULL,NULL,NULL,NULL,None,NULL,NULL,NULL,NULL
S1115,Hi-Tech 1,Hi-Tech 1,Hyderabad,Hyd,Hyderabad,"Ground Floor, SBR gateway","HUDA Techno Enclave,Madhapur",Hyd,NULL,NULL,1,Express,Other,Outlet,NULL,NULL,Until FY19,Closed,NULL,PF081,Old,50,NULL,26-12-2016,No,NULL,NULL,NULL,NULL,NULL,NULL,NULL,NULL,NULL,NULL,NULL,NULL,1800,NA,NA,NULL,NULL,NULL,25-09-2020,Set 1,NULL,NULL,NULL,NULL,Metro,NULL,NULL,NULL,NULL,None,NULL,NULL,NULL,NULL
S6101,OMR Road,OMR Road,Chennai,ROH,Chennai,"No.392, Anjali Devi Towers","Kandanchavadi, Perungudi, OMR",Chn,NULL,NULL,3,FSR,Other,Outlet,NULL,NULL,Until FY19,Closed,NULL,PF060,Old,166,NULL,11-07-2016,No,NULL,NULL,NULL,NULL,NULL,NULL,NULL,NULL,NULL,NULL,NULL,NULL,6400,NA,NA,NULL,NULL,NULL,31-08-2020,Set 2,NULL,NULL,NULL,NULL,Metro,NULL,NULL,NULL,NULL,None,NULL,NULL,NULL,NULL
S6103,Porur,Porur,Chennai,ROH,Chennai,"Survey No 38/1, Mount Poonamal",Porur,Chn,NULL,NULL,3,FSR,Other,Outlet,NULL,NULL,Until FY19,Closed,NULL,PF063,Old,144,NULL,05-03-2018,No,NULL,NULL,NULL,NULL,NULL,NULL,NULL,NULL,NULL,NULL,NULL,NULL,6100,NA,NA,NULL,NULL,NULL,30-09-2020,Set 2,NULL,NULL,NULL,NULL,Metro,NULL,NULL,NULL,NULL,None,NULL,NULL,NULL,NULL
N1102,Sector 14,Sector 14,NCR,ROH,Gurgaon,"Plot No. SCO-17, Sector - 14,","Near ICICI Bank, Gurugram,",NCR,NULL,NULL,6,Express,Other,Outlet,NULL,NULL,Until FY19,Closed,NULL,PF0305,Old,50,NULL,16-04-2018,No,NULL,NULL,NULL,NULL,NULL,NULL,NULL,NULL,NULL,NULL,NULL,NULL,1604,NA,NA,NULL,NULL,NULL,31-08-2020,Set 2,NULL,NULL,NULL,NULL,Metro,NULL,NULL,NULL,NULL,None,NULL,NULL,NULL,NULL
S1152,Batasingaram,Batasingaram,RO TS,ROH,Hyderabad,"D.No.4-558, Logistics Park",Batasingaram Village,ROTS,NULL,NULL,8,Highway,Other,Outlet,Oven,Rajsekhar,FY23 Outlets,Closed,8,NULL,New,40,No,31-10-2022,No,01-11-2023,NULL,01-04-2024,17.00657895,1-3 years,New Model,TS,New Model - Ele & Gas,NULL,PAN India,1 to 1.5K Sq Ft,NULL,1360,623776,20457330,Chilled,58.76794355,18.3542196,01-02-2024,Set 2,10,5,4,10,Metro,Launch,NULL,NULL,HYD4,Others,NULL,NULL,https://www.zomato.com/nizamabad/paradise-biryani-a-legend-since-1953-nizamabad-locality/order,https://www.swiggy.com/restaurants/paradise-biryani-logistics-park-batasingaram-hyderabad-623776
S1153,Rampally,Rampally,Hyderabad,Hyd,Hyderabad,"Plot 1,Survey No227,Kushaiguda","Keesara, Ranga Reddy Dist",Hyd,NULL,NULL,1,Omni Model,Omni Rest,Outlet,Oven,Santosh,FY23 Outlets,New FY23,37,NULL,New,40,yes,21-11-2022,Yes,01-12-2023,01-12-2023,01-04-2024,16.31578947,1-3 years,New Model,TS,New Model - Ele & Gas,NULL,PAN India,1 to 1.5K Sq Ft,NULL,1173,636195,20483670,Chilled,80.569,19.46,NULL,Set 1,20,10,4,20,Metro,Launch,NULL,NULL,HYD1,Others,NULL,NULL,https://www.zomato.com/hyderabad/paradise-biryani-1-ecil-secunderabad,https://www.swiggy.com/restaurants/paradise-biryani-kushaiguda-rampally-hyderabad-636195
S1154,Chandrayangutta,Chandrayangutta,Hyderabad,Hyd,Hyderabad,"No.18-13-4, Omer Plaza",Chandreyangutta X Road,Hyd,NULL,NULL,1,Omni Model,Other,Outlet,Oven,Santosh,FY23 Outlets,Closed,39,NULL,New,40,No,01-01-2023,No,01-02-2024,NULL,01-04-2024,14.96710526,1-3 years,New Model,TS,New Model - Ele & Gas,NULL,PAN India,1 to 1.5K Sq Ft,NULL,0,647285,20542894,Chilled,80.488,17.9,20-08-2023,Set 1,20,10,4,20,Metro,Launch,NULL,NULL,HYD1,Others,NULL,NULL,NULL,https://www.swiggy.com/restaurants/paradise-biryani-omer-plaza-chandrayangutta-hyderabad-647285
S1155,Siddipet_Highway,Siddipet_Highway,RO TS,ROH,Siddipet,"GF, No.1-5-67, Gouraram","Wargal, Medchal Dist",ROTS,NULL,NULL,8,Highway,Omni Rest,Outlet,Oven,Nitya,FY23 Outlets,New FY23,9,NULL,New,40,yes,28-12-2022,Yes,01-01-2024,01-01-2024,01-04-2024,15.09868421,1-3 years,New Model,TS,New Model - Ele & Gas,NULL,PAN India,1 to 1.5K Sq Ft,NULL,0,610642,20423204,Chilled,54.2,21.7,NULL,Set 2,10,5,4,10,T2,Launch,NULL,NULL,HYD5,Others,NULL,NULL,https://www.zomato.com/siddipet/paradise-biryani-siddipet-locality/order,https://www.swiggy.com/restaurants/paradise-biryani-kazipur-road-hanuman-nager-siddipet-610642
S5102,JP Nagar,JP Nagar,Bangalore,ROH,Bangalore,"#915 , 24th Main Road,","2nd Phase JP Nagar, Mayura cir",Bglr,NULL,NULL,2,FSR,Other,Outlet,Hundi,Shiva,Until FY19,Closed,5,PF034,Old,246,No,26-02-2016,No,01-03-2017,NULL,01-04-2024,97.23684211,>3 years,FSR+CK,Bangalore,FSR+CK,W/o Tankers,PAN India,10 to 15K Sq Ft,NULL,20151,9023,18275021,Chilled,NULL,NULL,27-12-2023,Set 2,NULL,NULL,NULL,NULL,Metro,NULL,FY23,Late_Night_Delivery,BLR/CHN,Focus,NULL,NULL,https://www.zomato.com/bangalore/paradise-biryani-1-jp-nagar-bangalore,https://www.swiggy.com/restaurants/paradise-biryani-jp-nagar-bangalore-9023
New 18,New 18,New 18,RO AP,ROH,NULL,NULL,NULL,ROAP,NULL,NULL,9,Omni Model,Other,Outlet,NULL,NULL,FY23 Outlets,New FY23,NULL,NULL,New,NULL,NULL,NULL,NULL,NULL,NULL,NULL,NULL,NULL,NULL,NULL,NULL,NULL,NULL,NULL,NULL,0,NA,NA,NULL,NULL,NULL,NULL,Set 2,NULL,NULL,NULL,NULL,NULL,NULL,NULL,NULL,NULL,None,NULL,NULL,NULL,NULL
New 19,New 19,New 19,RO TS,ROH,NULL,NULL,NULL,ROTS,NULL,NULL,8,Omni Model,Other,Outlet,NULL,NULL,FY23 Outlets,New FY23,NULL,NULL,New,NULL,NULL,NULL,NULL,NULL,NULL,NULL,NULL,NULL,NULL,NULL,NULL,NULL,NULL,NULL,NULL,0,NA,NA,NULL,NULL,NULL,NULL,Set 2,NULL,NULL,NULL,NULL,NULL,NULL,NULL,NULL,NULL,None,NULL,NULL,NULL,NULL
New 20,New 20,New 20,RO TS,ROH,NULL,NULL,NULL,ROTS,NULL,NULL,8,Omni Model,Other,Outlet,NULL,NULL,FY23 Outlets,New FY23,NULL,NULL,New,NULL,NULL,NULL,NULL,NULL,NULL,NULL,NULL,NULL,NULL,NULL,NULL,NULL,NULL,NULL,NULL,0,NA,NA,NULL,NULL,NULL,NULL,Set 2,NULL,NULL,NULL,NULL,NULL,NULL,NULL,NULL,NULL,None,NULL,NULL,NULL,NULL
S5113,HSR Layout Express,HSR Layout,Bangalore,ROH,Bangalore,"#438, HSR Layout",Sector 14,Bglr,NULL,NULL,2,FSR,Omni Rest,Outlet,Hundi,Shiva, FY20 Outlets ,Existing,15,PF077,Old,60,yes,26-12-2019,Yes,01-01-2021,01-01-2021,01-04-2024,51.21710526,>3 years,New Model,Bangalore,New Model,W/o Tankers,PAN India,1.5 to 2.5K Sq Ft,NULL,2240,233815,19275714,Chilled,NULL,NULL,NULL,Set 2,NULL,NULL,NULL,NULL,Metro,NULL,FY23,"Late_Night_Delivery, Roti_Curry",BLR/CHN,Others,NULL,NULL,https://www.zomato.com/bangalore/paradise-biryani-hsr-bangalore,https://www.swiggy.com/restaurants/paradise-biryani-sector-4-hsr-bangalore-233815
New 22,New 22,New 22,Hyderabad,Hyd,Hyderabad,NULL,NULL,Hyd,NULL,NULL,1,Omni Model,Other,Outlet,NULL,NULL,FY23 Outlets,New FY23,NULL,NULL,New,NULL,NULL,NULL,NULL,NULL,NULL,NULL,NULL,NULL,NULL,NULL,NULL,NULL,NULL,NULL,NULL,0,NA,NA,NULL,NULL,NULL,NULL,Set 1,NULL,NULL,NULL,NULL,NULL,NULL,NULL,NULL,NULL,None,NULL,NULL,NULL,NULL
New 23,New 23,New 23,RO TS,ROH,NULL,NULL,NULL,ROTS,NULL,NULL,8,Omni Model,Other,Outlet,NULL,NULL,FY23 Outlets,New FY23,NULL,NULL,New,NULL,NULL,NULL,NULL,NULL,NULL,NULL,NULL,NULL,NULL,NULL,NULL,NULL,NULL,NULL,NULL,0,NA,NA,NULL,NULL,NULL,NULL,Set 2,NULL,NULL,NULL,NULL,NULL,NULL,NULL,NULL,NULL,None,NULL,NULL,NULL,NULL
New 24,New 24,New 24,Hyderabad,Hyd,Hyderabad,NULL,NULL,Hyd,NULL,NULL,1,Omni Model,Other,Outlet,NULL,NULL,FY23 Outlets,New FY23,NULL,NULL,New,NULL,NULL,NULL,NULL,NULL,NULL,NULL,NULL,NULL,NULL,NULL,NULL,NULL,NULL,NULL,NULL,0,NA,NA,NULL,NULL,NULL,NULL,Set 1,NULL,NULL,NULL,NULL,NULL,NULL,NULL,NULL,NULL,None,NULL,NULL,NULL,NULL
New 25,New 25,New 25,Hyderabad,Hyd,Hyderabad,NULL,NULL,Hyd,NULL,NULL,1,Omni Model,Other,Outlet,NULL,NULL,FY23 Outlets,New FY23,NULL,NULL,New,NULL,NULL,NULL,NULL,NULL,NULL,NULL,NULL,NULL,NULL,NULL,NULL,NULL,NULL,NULL,NULL,0,NA,NA,NULL,NULL,NULL,NULL,Set 1,NULL,NULL,NULL,NULL,NULL,NULL,NULL,NULL,NULL,None,NULL,NULL,NULL,NULL
New 26,New 26,New 26,RO TS,ROH,NULL,NULL,NULL,ROTS,NULL,NULL,8,Omni Model,Other,Outlet,NULL,NULL,FY23 Outlets,New FY23,NULL,NULL,New,NULL,NULL,NULL,NULL,NULL,NULL,NULL,NULL,NULL,NULL,NULL,NULL,NULL,NULL,NULL,NULL,0,NA,NA,NULL,NULL,NULL,NULL,Set 2,NULL,NULL,NULL,NULL,NULL,NULL,NULL,NULL,NULL,None,NULL,NULL,NULL,NULL
New 27,New 27,New 27,RO AP,ROH,NULL,NULL,NULL,ROAP,NULL,NULL,9,Omni Model,Other,Outlet,NULL,NULL,FY23 Outlets,New FY23,NULL,NULL,New,NULL,NULL,NULL,NULL,NULL,NULL,NULL,NULL,NULL,NULL,NULL,NULL,NULL,NULL,NULL,NULL,0,NA,NA,NULL,NULL,NULL,NULL,Set 2,NULL,NULL,NULL,NULL,NULL,NULL,NULL,NULL,NULL,None,NULL,NULL,NULL,NULL
New 28,New 28,New 28,Hyderabad,Hyd,Hyderabad,NULL,NULL,Hyd,NULL,NULL,1,Omni Model,Other,Outlet,NULL,NULL,FY23 Outlets,New FY23,NULL,NULL,New,NULL,NULL,NULL,NULL,NULL,NULL,NULL,NULL,NULL,NULL,NULL,NULL,NULL,NULL,NULL,NULL,0,NA,NA,NULL,NULL,NULL,NULL,Set 1,NULL,NULL,NULL,NULL,NULL,NULL,NULL,NULL,NULL,None,NULL,NULL,NULL,NULL
New 29,New 29,New 29,RO AP,ROH,NULL,NULL,NULL,ROAP,NULL,NULL,9,Omni Model,Other,Outlet,NULL,NULL,FY23 Outlets,New FY23,NULL,NULL,New,NULL,NULL,NULL,NULL,NULL,NULL,NULL,NULL,NULL,NULL,NULL,NULL,NULL,NULL,NULL,NULL,0,NA,NA,NULL,NULL,NULL,NULL,Set 2,NULL,NULL,NULL,NULL,NULL,NULL,NULL,NULL,NULL,None,NULL,NULL,NULL,NULL
New 30,New 30,New 30,Hyderabad,Hyd,Hyderabad,NULL,NULL,Hyd,NULL,NULL,1,Omni Model,Other,Outlet,NULL,NULL,FY23 Outlets,New FY23,NULL,NULL,New,NULL,NULL,NULL,NULL,NULL,NULL,NULL,NULL,NULL,NULL,NULL,NULL,NULL,NULL,NULL,NULL,0,NA,NA,NULL,NULL,NULL,NULL,Set 1,NULL,NULL,NULL,NULL,NULL,NULL,NULL,NULL,NULL,None,NULL,NULL,NULL,NULL
New 31,New 31,New 31,RO TS,ROH,NULL,NULL,NULL,ROTS,NULL,NULL,8,Omni Model,Other,Outlet,NULL,NULL,FY23 Outlets,New FY23,NULL,NULL,New,NULL,NULL,NULL,NULL,NULL,NULL,NULL,NULL,NULL,NULL,NULL,NULL,NULL,NULL,NULL,NULL,0,NA,NA,NULL,NULL,NULL,NULL,Set 2,NULL,NULL,NULL,NULL,NULL,NULL,NULL,NULL,NULL,None,NULL,NULL,NULL,NULL
New 32,New 32,New 32,RO AP,ROH,NULL,NULL,NULL,ROAP,NULL,NULL,9,Omni Model,Other,Outlet,NULL,NULL,FY23 Outlets,New FY23,NULL,NULL,New,NULL,NULL,NULL,NULL,NULL,NULL,NULL,NULL,NULL,NULL,NULL,NULL,NULL,NULL,NULL,NULL,0,NA,NA,NULL,NULL,NULL,NULL,Set 2,NULL,NULL,NULL,NULL,NULL,NULL,NULL,NULL,NULL,None,NULL,NULL,NULL,NULL
New 33,New 33,New 33,Hyderabad,Hyd,Hyderabad,NULL,NULL,Hyd,NULL,NULL,1,Omni Model,Other,Outlet,NULL,NULL,FY23 Outlets,New FY23,NULL,NULL,New,NULL,NULL,NULL,NULL,NULL,NULL,NULL,NULL,NULL,NULL,NULL,NULL,NULL,NULL,NULL,NULL,0,NA,NA,NULL,NULL,NULL,NULL,Set 1,NULL,NULL,NULL,NULL,NULL,NULL,NULL,NULL,NULL,None,NULL,NULL,NULL,NULL
New 34,New 34,New 34,RO TS,ROH,NULL,NULL,NULL,ROTS,NULL,NULL,8,Omni Model,Other,Outlet,NULL,NULL,FY23 Outlets,New FY23,NULL,NULL,New,NULL,NULL,NULL,NULL,NULL,NULL,NULL,NULL,NULL,NULL,NULL,NULL,NULL,NULL,NULL,NULL,0,NA,NA,NULL,NULL,NULL,NULL,Set 2,NULL,NULL,NULL,NULL,NULL,NULL,NULL,NULL,NULL,None,NULL,NULL,NULL,NULL
New 35,New 35,New 35,Hyderabad,Hyd,Hyderabad,NULL,NULL,Hyd,NULL,NULL,1,Omni Model,Other,Outlet,NULL,NULL,FY23 Outlets,New FY23,NULL,NULL,New,NULL,NULL,NULL,NULL,NULL,NULL,NULL,NULL,NULL,NULL,NULL,NULL,NULL,NULL,NULL,NULL,0,NA,NA,NULL,NULL,NULL,NULL,Set 1,NULL,NULL,NULL,NULL,NULL,NULL,NULL,NULL,NULL,None,NULL,NULL,NULL,NULL
New 36,New 36,New 36,Hyderabad,Hyd,Hyderabad,NULL,NULL,Hyd,NULL,NULL,1,Omni Model,Other,Outlet,NULL,NULL,FY23 Outlets,New FY23,NULL,NULL,New,NULL,NULL,NULL,NULL,NULL,NULL,NULL,NULL,NULL,NULL,NULL,NULL,NULL,NULL,NULL,NULL,0,NA,NA,NULL,NULL,NULL,NULL,Set 1,NULL,NULL,NULL,NULL,NULL,NULL,NULL,NULL,NULL,None,NULL,NULL,NULL,NULL
New 37,New 37,New 37,RO TS,ROH,NULL,NULL,NULL,ROTS,NULL,NULL,8,Omni Model,Other,Outlet,NULL,NULL,FY23 Outlets,New FY23,NULL,NULL,New,NULL,NULL,NULL,NULL,NULL,NULL,NULL,NULL,NULL,NULL,NULL,NULL,NULL,NULL,NULL,NULL,0,NA,NA,NULL,NULL,NULL,NULL,Set 2,NULL,NULL,NULL,NULL,NULL,NULL,NULL,NULL,NULL,None,NULL,NULL,NULL,NULL
New 38,New 38,New 38,Hyderabad,Hyd,Hyderabad,NULL,NULL,Hyd,NULL,NULL,1,Omni Model,Other,Outlet,NULL,NULL,FY23 Outlets,New FY23,NULL,NULL,New,NULL,NULL,NULL,NULL,NULL,NULL,NULL,NULL,NULL,NULL,NULL,NULL,NULL,NULL,NULL,NULL,0,NA,NA,NULL,NULL,NULL,NULL,Set 1,NULL,NULL,NULL,NULL,NULL,NULL,NULL,NULL,NULL,None,NULL,NULL,NULL,NULL
New 39,New 39,New 39,RO TS,ROH,NULL,NULL,NULL,ROTS,NULL,NULL,8,Omni Model,Other,Outlet,NULL,NULL,FY23 Outlets,New FY23,NULL,NULL,New,NULL,NULL,NULL,NULL,NULL,NULL,NULL,NULL,NULL,NULL,NULL,NULL,NULL,NULL,NULL,NULL,0,NA,NA,NULL,NULL,NULL,NULL,Set 2,NULL,NULL,NULL,NULL,NULL,NULL,NULL,NULL,NULL,None,NULL,NULL,NULL,NULL
New 40,New 40,New 40,RO AP,ROH,NULL,NULL,NULL,ROAP,NULL,NULL,9,Omni Model,Other,Outlet,NULL,NULL,FY23 Outlets,New FY23,NULL,NULL,New,NULL,NULL,NULL,NULL,NULL,NULL,NULL,NULL,NULL,NULL,NULL,NULL,NULL,NULL,NULL,NULL,0,NA,NA,NULL,NULL,NULL,NULL,Set 2,NULL,NULL,NULL,NULL,NULL,NULL,NULL,NULL,NULL,None,NULL,NULL,NULL,NULL
New 41,New 41,New 41,Chennai,ROH,Chennai,NULL,NULL,Chn,NULL,NULL,3,Omni Model,Other,Outlet,NULL,NULL,FY23 Outlets,New FY23,NULL,NULL,New,NULL,NULL,NULL,NULL,NULL,NULL,NULL,NULL,NULL,NULL,NULL,NULL,NULL,NULL,NULL,NULL,0,NA,NA,NULL,NULL,NULL,NULL,Set 2,NULL,NULL,NULL,NULL,NULL,NULL,NULL,NULL,NULL,None,NULL,NULL,NULL,NULL
New 60,New 60,New 60,RO AP,ROH,NULL,NULL,NULL,ROAP,NULL,NULL,9,Omni Model,Other,Outlet,NULL,NULL,FY23 Outlets,New FY23,NULL,NULL,New,NULL,NULL,NULL,NULL,NULL,NULL,NULL,NULL,NULL,NULL,NULL,NULL,NULL,NULL,NULL,NULL,0,NA,NA,NULL,NULL,NULL,NULL,Set 2,NULL,NULL,NULL,NULL,NULL,NULL,NULL,NULL,NULL,None,NULL,NULL,NULL,NULL
New 61,New 61,New 61,RO TS,ROH,NULL,NULL,NULL,ROTS,NULL,NULL,8,Omni Model,Other,Outlet,NULL,NULL,FY23 Outlets,New FY23,NULL,NULL,New,NULL,NULL,NULL,NULL,NULL,NULL,NULL,NULL,NULL,NULL,NULL,NULL,NULL,NULL,NULL,NULL,0,NA,NA,NULL,NULL,NULL,NULL,Set 2,NULL,NULL,NULL,NULL,NULL,NULL,NULL,NULL,NULL,None,NULL,NULL,NULL,NULL
S11K01,SEC-BAD CENTRAL KITCHEN,Secunderabad CK,Hyderabad,Hyd,Hyderabad,"S D Road, Sappu Bagh Apartment","Jogani, Ramgopalpet, Secundera",Hyd,NULL,NULL,1,Non Store,FSR S'bad,Kitchen,NULL,Venkat,Non-Store,NULL,1,PF002,Old,NULL,NULL,NULL,NULL,NULL,NULL,NULL,NULL,NULL,NULL,NULL,NULL,NULL,NULL,NULL,NULL,0,NA,NA,NULL,NULL,NULL,NULL,NULL,NULL,NULL,NULL,NULL,NULL,NULL,NULL,HOD,NULL,Focus,NULL,NULL,NULL,https://www.swiggy.com/restaurants/paradise-biryani-s-p-road-begumpet-hyderabad-2305
N11K01,CK-GURGAON,Gurugram - CK,NCR,ROH,NULL,"Khewat/Khata No. 52, Min 67, K","estate of Village Badshahpur, ",NCR,NULL,NULL,6,Non Store,Other,Kitchen,NULL,Venkat,Non-Store,NULL,NULL,PF0302,Old,NULL,NULL,NULL,NULL,NULL,NULL,NULL,NULL,NULL,NULL,NULL,NULL,NULL,NULL,NULL,NULL,0,NA,NA,NULL,NULL,NULL,NULL,NULL,NULL,NULL,NULL,NULL,NULL,NULL,NULL,NULL,NULL,None,NULL,NULL,NULL,NULL
S11K02,BIRYANI Kitchen,Secunderabad BK,Hyderabad,Hyd,Hyderabad,"S D Road, Sappu Bagh Apartment","Jogani, Ramgopalpet, Secundera",Hyd,NULL,NULL,1,Non Store,FSR S'bad,Kitchen,NULL,Venkat,Non-Store,NULL,1,PF003,Old,NULL,NULL,NULL,NULL,NULL,NULL,NULL,NULL,NULL,NULL,NULL,NULL,NULL,NULL,NULL,NULL,0,NA,NA,NULL,NULL,NULL,NULL,NULL,NULL,NULL,NULL,NULL,NULL,NULL,NULL,HOD,NULL,Focus,NULL,NULL,NULL,https://www.swiggy.com/restaurants/paradise-biryani-s-p-road-begumpet-hyderabad-2305
S31K01,Vizag Central Kitchen,Vizag - VIP,RO AP,ROH,RO AP,"9-14-4, VIP Rd, CBM Compound, ","Siripuram,",ROAP,NULL,NULL,9,Non Store,Other,Kitchen,NULL,Venkat,Non-Store,NULL,NULL,PF049,Old,NULL,NULL,NULL,NULL,NULL,NULL,NULL,NULL,NULL,NULL,NULL,NULL,NULL,NULL,NULL,NULL,0,NA,NA,NULL,NULL,NULL,NULL,NULL,NULL,NULL,NULL,NULL,NULL,NULL,NULL,NULL,NULL,None,NULL,NULL,NULL,NULL
S11K10,KUKATPALLY SATELLITE KITCHEN,Kukatpally,Hyderabad,Hyd,Hyderabad,NULL,NULL,Hyd,NULL,NULL,1,Non Store,FSR G,Kitchen,NULL,Venkat,Non-Store,NULL,NULL,PF015,Old,NULL,NULL,NULL,NULL,NULL,NULL,NULL,NULL,NULL,NULL,NULL,NULL,NULL,NULL,NULL,NULL,0,NA,NA,NULL,NULL,NULL,NULL,NULL,NULL,NULL,NULL,NULL,NULL,NULL,NULL,HOD,NULL,Focus,NULL,NULL,NULL,https://www.swiggy.com/restaurants/paradise-biryani-a-s-raju-nagar-kukatpally-hyderabad-1854
S51K02,BANGLORE CENTRAL KITCHEN,BLR JP Nagar,Bangalore,ROH,Bangalore,NULL,NULL,Bglr,NULL,NULL,2,Non Store,Other,Kitchen,NULL,Venkat,Non-Store,NULL,NULL,PF020,Old,NULL,NULL,NULL,NULL,NULL,NULL,NULL,NULL,NULL,NULL,NULL,NULL,NULL,NULL,NULL,NULL,0,NA,NA,NULL,NULL,NULL,NULL,NULL,NULL,NULL,NULL,NULL,NULL,NULL,NULL,NULL,NULL,None,NULL,NULL,NULL,NULL
S11M02,STAFF CANTEEN,Secunderabad,Hyderabad,Hyd,Hyderabad,"S D Road, Sappu Bagh Apartment","Jogani, Ramgopalpet, Secundera",Hyd,NULL,NULL,1,Non Store,FSR S'bad,Others,NULL,Venkat,Non-Store,NULL,1,PF021,Old,NULL,NULL,NULL,NULL,NULL,NULL,NULL,NULL,NULL,NULL,NULL,NULL,NULL,NULL,NULL,NULL,0,NA,NA,NULL,NULL,NULL,NULL,NULL,NULL,NULL,NULL,NULL,NULL,NULL,NULL,HOD,NULL,Focus,NULL,NULL,NULL,https://www.swiggy.com/restaurants/paradise-biryani-s-p-road-begumpet-hyderabad-2305
S11M03,HOUSEKEEPING,Secunderabad,Hyderabad,Hyd,Hyderabad,"S D Road, Sappu Bagh Apartment","Jogani, Ramgopalpet, Secundera",Hyd,NULL,NULL,1,Non Store,FSR S'bad,Others,NULL,Venkat,Non-Store,NULL,1,PF022,Old,NULL,NULL,NULL,NULL,NULL,NULL,NULL,NULL,NULL,NULL,NULL,NULL,NULL,NULL,NULL,NULL,0,NA,NA,NULL,NULL,NULL,NULL,NULL,NULL,NULL,NULL,NULL,NULL,NULL,NULL,HOD,NULL,Focus,NULL,NULL,NULL,https://www.swiggy.com/restaurants/paradise-biryani-s-p-road-begumpet-hyderabad-2305
S11M01,CORPORATE OFFICE-HYD,Corporate Office - Hyd,Hyderabad,Hyd,Hyderabad,"301, Third Floor, Legend Cryst","Mandalay Lane, Prenderghast Ro",Hyd,NULL,NULL,1,Non Store,Other,Corp Office,NULL,NULL,Non-Store,NULL,NULL,PF026,Old,NULL,NULL,NULL,NULL,NULL,NULL,NULL,NULL,NULL,NULL,NULL,NULL,NULL,NULL,NULL,NULL,0,NA,NA,NULL,NULL,NULL,NULL,NULL,NULL,NULL,NULL,NULL,NULL,NULL,NULL,NULL,NULL,None,NULL,NULL,NULL,NULL
S11K03,Check Post,Secunderabad,Hyderabad,Hyd,Hyderabad,"S D Road, Sappu Bagh Apartment","Jogani, Ramgopalpet, Secundera",Hyd,NULL,NULL,1,Non Store,FSR S'bad,Others,NULL,Venkat,Non-Store,NULL,1,PF027,Old,NULL,NULL,NULL,NULL,NULL,NULL,NULL,NULL,NULL,NULL,NULL,NULL,NULL,NULL,NULL,NULL,0,NA,NA,NULL,NULL,NULL,NULL,NULL,NULL,NULL,NULL,NULL,NULL,NULL,NULL,HOD,NULL,Focus,NULL,NULL,NULL,https://www.swiggy.com/restaurants/paradise-biryani-s-p-road-begumpet-hyderabad-2305
N11W01,Sohna Road-WareHouse-Gurgaon,G - Warehouse,NCR,ROH,NULL,"Khewat/Khata No. 52, Min 67, K","estate of Village Badshahpur, ",NCR,NULL,NULL,6,Non Store,Other,Ware House,NULL,Venkat,Non-Store,NULL,NULL,PF0300,Old,NULL,NULL,NULL,NULL,NULL,NULL,NULL,NULL,NULL,NULL,NULL,NULL,NULL,NULL,NULL,NULL,0,NA,NA,NULL,NULL,NULL,NULL,NULL,NULL,NULL,NULL,NULL,NULL,NULL,NULL,NULL,NULL,None,NULL,NULL,NULL,NULL
S51M02,Corporate Office Bangalore,Corporate Office - Bglr,Hyderabad,Hyd,Hyderabad,NULL,NULL,Hyd,NULL,NULL,1,Non Store,Other,Corp Office,NULL,NULL,Non-Store,NULL,NULL,PF040,Old,NULL,NULL,NULL,NULL,NULL,NULL,NULL,NULL,NULL,NULL,NULL,NULL,NULL,NULL,NULL,NULL,0,NA,NA,NULL,NULL,NULL,NULL,NULL,NULL,NULL,NULL,NULL,NULL,NULL,NULL,NULL,NULL,None,NULL,NULL,NULL,NULL
S31W01,Vizag Main Store,Vizag - Ware House,RO AP,ROH,RO AP,"9-14-4, VIP Rd, CBM Compound, ","Siripuram,",ROAP,NULL,NULL,9,Non Store,Other,Ware House,NULL,Venkat,Non-Store,NULL,NULL,PF050,Old,NULL,NULL,NULL,NULL,NULL,NULL,NULL,NULL,NULL,NULL,NULL,NULL,NULL,NULL,NULL,NULL,0,NA,NA,NULL,NULL,NULL,NULL,NULL,NULL,NULL,NULL,NULL,NULL,NULL,NULL,NULL,NULL,None,NULL,NULL,NULL,NULL
S61K01,PORUR Chenni-CK,Porur - CK,Chennai,ROH,Chennai,"Survey No 38/1, Mount Poonamal",Porur,Chn,NULL,NULL,3,Non Store,Other,Kitchen,NULL,Venkat,Non-Store,NULL,NULL,PF064,Old,NULL,NULL,NULL,NULL,NULL,NULL,NULL,NULL,NULL,NULL,NULL,NULL,NULL,NULL,NULL,NULL,0,NA,NA,NULL,NULL,NULL,NULL,NULL,NULL,NULL,NULL,NULL,NULL,NULL,NULL,NULL,NULL,None,NULL,NULL,NULL,NULL
S61W01,PORUR Chenni-WareHouse,Porur - Ware House,Chennai,ROH,Chennai,"Survey No 38/1, Mount Poonamal",Porur,Chn,NULL,NULL,3,Non Store,Other,Ware House,NULL,Venkat,Non-Store,NULL,NULL,PF065,Old,NULL,NULL,NULL,NULL,NULL,NULL,NULL,NULL,NULL,NULL,NULL,NULL,NULL,NULL,NULL,NULL,0,NA,NA,NULL,NULL,NULL,NULL,NULL,NULL,NULL,NULL,NULL,NULL,NULL,NULL,NULL,NULL,None,NULL,NULL,NULL,NULL
E11W01,Kolkata-Warehouse,Kolkata-Warehouse,Kolkata,ROH,Kolkata,"202, Purbanchal Main Road",NULL,Kol,NULL,NULL,7,Non Store,Other,Ware House,NULL,Venkat,Non-Store,NULL,NULL,PF0400,Old,NULL,NULL,NULL,NULL,NULL,NULL,NULL,NULL,NULL,NULL,NULL,NULL,NULL,NULL,NULL,NULL,0,NA,NA,NULL,NULL,NULL,NULL,NULL,NULL,NULL,NULL,NULL,NULL,NULL,NULL,NULL,NULL,None,NULL,NULL,NULL,NULL
E11K01,Purbachal-Kolkata-CentralKitch,Purbachal,Kolkata,ROH,Kolkata,"202, Purbanchal Main Road",NULL,Kol,NULL,NULL,7,Non Store,Other,Kitchen,NULL,Venkat,Non-Store,NULL,NULL,PF0401,Old,NULL,NULL,NULL,NULL,NULL,NULL,NULL,NULL,NULL,NULL,NULL,NULL,NULL,NULL,NULL,NULL,0,NA,NA,NULL,NULL,NULL,NULL,NULL,NULL,NULL,NULL,NULL,NULL,NULL,NULL,NULL,NULL,None,NULL,NULL,NULL,NULL
E11M01,Kolkatta - Common,Kolkatta - Common,Kolkata,ROH,Kolkata,NULL,NULL,Kol,NULL,NULL,7,Non Store,Other,Common,NULL,NULL,Non-Store,NULL,NULL,NULL,Old,NULL,NULL,NULL,NULL,NULL,NULL,NULL,NULL,NULL,NULL,NULL,NULL,NULL,NULL,NULL,NULL,0,NA,NA,NULL,NULL,NULL,NULL,NULL,NULL,NULL,NULL,NULL,NULL,NULL,NULL,NULL,NULL,None,NULL,NULL,NULL,NULL
E11M02,Kolkatta - Region Support,Kolkatta - Region Support,Kolkata,ROH,Kolkata,NULL,NULL,Kol,NULL,NULL,7,Non Store,Other,Corp Office,NULL,NULL,Non-Store,NULL,NULL,NULL,Old,NULL,NULL,NULL,NULL,NULL,NULL,NULL,NULL,NULL,NULL,NULL,NULL,NULL,NULL,NULL,NULL,0,NA,NA,NULL,NULL,NULL,NULL,NULL,NULL,NULL,NULL,NULL,NULL,NULL,NULL,NULL,NULL,None,NULL,NULL,NULL,NULL
HO,Head Office,Head Office,Hyderabad,Hyd,Hyderabad,"1-7-186 to 193, Paradise","Circle, S D Road",Hyd,NULL,NULL,1,Non Store,Other,Corp Office,NULL,NULL,Non-Store,NULL,NULL,NULL,Old,NULL,NULL,NULL,NULL,NULL,NULL,NULL,NULL,NULL,NULL,NULL,NULL,NULL,NULL,NULL,NULL,0,NA,NA,NULL,NULL,NULL,NULL,NULL,NULL,NULL,NULL,NULL,NULL,NULL,NULL,NULL,NULL,None,NULL,NULL,NULL,NULL
N11M01,Gurgaon - Common,Gurgaon - Common,NCR,ROH,NULL,NULL,NULL,NCR,NULL,NULL,6,Non Store,Other,Common,NULL,NULL,Non-Store,NULL,NULL,NULL,Old,NULL,NULL,NULL,NULL,NULL,NULL,NULL,NULL,NULL,NULL,NULL,NULL,NULL,NULL,NULL,NULL,0,NA,NA,NULL,NULL,NULL,NULL,NULL,NULL,NULL,NULL,NULL,NULL,NULL,NULL,NULL,NULL,None,NULL,NULL,NULL,NULL
N11M02,Gurgaon - Region Support,Gurgaon - Region Support,NCR,ROH,NULL,NULL,NULL,NCR,NULL,NULL,6,Non Store,Other,Corp Office,NULL,NULL,Non-Store,NULL,NULL,NULL,Old,NULL,NULL,NULL,NULL,NULL,NULL,NULL,NULL,NULL,NULL,NULL,NULL,NULL,NULL,NULL,NULL,0,NA,NA,NULL,NULL,NULL,NULL,NULL,NULL,NULL,NULL,NULL,NULL,NULL,NULL,NULL,NULL,None,NULL,NULL,NULL,NULL
S11K04,Secunderabad - R&D Kitchen,Secunderabad - R&D Kitchen,Hyderabad,Hyd,Hyderabad,"S D Road, Sappu Bagh Apartment","Jogani, Ramgopalpet, Secundera",Hyd,NULL,NULL,1,Non Store,Other,Kitchen,NULL,Venkat,Non-Store,NULL,NULL,NULL,Old,NULL,NULL,NULL,NULL,NULL,NULL,NULL,NULL,NULL,NULL,NULL,NULL,NULL,NULL,NULL,NULL,0,NA,NA,NULL,NULL,NULL,NULL,NULL,NULL,NULL,NULL,NULL,NULL,NULL,NULL,NULL,NULL,None,NULL,NULL,NULL,NULL
S11M04,Hyderabad Common,Hyderabad Common,Hyderabad,Hyd,Hyderabad,NULL,NULL,Hyd,NULL,NULL,1,Non Store,Other,Common,NULL,NULL,Non-Store,NULL,NULL,NULL,Old,NULL,NULL,NULL,NULL,NULL,NULL,NULL,NULL,NULL,NULL,NULL,NULL,NULL,NULL,NULL,NULL,0,NA,NA,NULL,NULL,NULL,NULL,NULL,NULL,NULL,NULL,NULL,NULL,NULL,NULL,NULL,NULL,None,NULL,NULL,NULL,NULL
S11M05,Hyderabad Region Support,Hyderabad Region Support,Hyderabad,Hyd,Hyderabad,NULL,NULL,Hyd,NULL,NULL,1,Non Store,Other,Corp Office,NULL,NULL,Non-Store,NULL,NULL,NULL,Old,NULL,NULL,NULL,NULL,NULL,NULL,NULL,NULL,NULL,NULL,NULL,NULL,NULL,NULL,NULL,NULL,0,NA,NA,NULL,NULL,NULL,NULL,NULL,NULL,NULL,NULL,NULL,NULL,NULL,NULL,NULL,NULL,None,NULL,NULL,NULL,NULL
S11W01,Secunderabad - Warehouse,Secunderabad - Warehouse,Hyderabad,Hyd,Hyderabad,"S D Road, Sappu Bagh Apartment","Jogani, Ramgopalpet, Secundera",Hyd,NULL,NULL,1,Non Store,Other,Ware House,NULL,Venkat,Non-Store,NULL,NULL,NULL,Old,NULL,NULL,NULL,NULL,NULL,NULL,NULL,NULL,NULL,NULL,NULL,NULL,NULL,NULL,NULL,NULL,0,NA,NA,NULL,NULL,NULL,NULL,NULL,NULL,NULL,NULL,NULL,NULL,NULL,NULL,NULL,NULL,None,NULL,NULL,NULL,NULL
S31M01,Vizag - Common,Vizag - Common,RO AP,ROH,RO AP,NULL,NULL,ROAP,NULL,NULL,9,Non Store,Other,Common,NULL,NULL,Non-Store,NULL,NULL,NULL,Old,NULL,NULL,NULL,NULL,NULL,NULL,NULL,NULL,NULL,NULL,NULL,NULL,NULL,NULL,NULL,NULL,0,NA,NA,NULL,NULL,NULL,NULL,NULL,NULL,NULL,NULL,NULL,NULL,NULL,NULL,NULL,NULL,None,NULL,NULL,NULL,NULL
S31M02,Vizag - Region Support,Vizag - Region Support,RO AP,ROH,RO AP,NULL,NULL,ROAP,NULL,NULL,9,Non Store,Other,Corp Office,NULL,NULL,Non-Store,NULL,NULL,NULL,Old,NULL,NULL,NULL,NULL,NULL,NULL,NULL,NULL,NULL,NULL,NULL,NULL,NULL,NULL,NULL,NULL,0,NA,NA,NULL,NULL,NULL,NULL,NULL,NULL,NULL,NULL,NULL,NULL,NULL,NULL,NULL,NULL,None,NULL,NULL,NULL,NULL
S32M01,Vijayawada - Common,Vijayawada - Common,RO AP,ROH,Vijayawada,NULL,NULL,ROAP,NULL,NULL,9,Non Store,Other,Common,NULL,NULL,Non-Store,NULL,NULL,NULL,Old,NULL,NULL,NULL,NULL,NULL,NULL,NULL,NULL,NULL,NULL,NULL,NULL,NULL,NULL,NULL,NULL,0,NA,NA,NULL,NULL,NULL,NULL,NULL,NULL,NULL,NULL,NULL,NULL,NULL,NULL,NULL,NULL,None,NULL,NULL,NULL,NULL
S32M02,Vijayawada - Region Support,Vijayawada - Region Support,RO AP,ROH,Vijayawada,NULL,NULL,ROAP,NULL,NULL,9,Non Store,Other,Corp Office,NULL,NULL,Non-Store,NULL,NULL,NULL,Old,NULL,NULL,NULL,NULL,NULL,NULL,NULL,NULL,NULL,NULL,NULL,NULL,NULL,NULL,NULL,NULL,0,NA,NA,NULL,NULL,NULL,NULL,NULL,NULL,NULL,NULL,NULL,NULL,NULL,NULL,NULL,NULL,None,NULL,NULL,NULL,NULL
S33M01,Guntur - Common,Guntur - Common,RO AP,ROH,Guntur,NULL,NULL,ROAP,NULL,NULL,9,Non Store,Other,Common,NULL,NULL,Non-Store,NULL,NULL,NULL,Old,NULL,NULL,NULL,NULL,NULL,NULL,NULL,NULL,NULL,NULL,NULL,NULL,NULL,NULL,NULL,NULL,0,NA,NA,NULL,NULL,NULL,NULL,NULL,NULL,NULL,NULL,NULL,NULL,NULL,NULL,NULL,NULL,None,NULL,NULL,NULL,NULL
S33M02,Guntur - Region Support,Guntur - Region Support,RO AP,ROH,Guntur,NULL,NULL,ROAP,NULL,NULL,9,Non Store,Other,Corp Office,NULL,NULL,Non-Store,NULL,NULL,NULL,Old,NULL,NULL,NULL,NULL,NULL,NULL,NULL,NULL,NULL,NULL,NULL,NULL,NULL,NULL,NULL,NULL,0,NA,NA,NULL,NULL,NULL,NULL,NULL,NULL,NULL,NULL,NULL,NULL,NULL,NULL,NULL,NULL,None,NULL,NULL,NULL,NULL
S51K01,Central Kitchen - JP Nagar,Central Kitchen - JP Nagar,Bangalore,ROH,Bangalore,"#915 , 24th Main Road,","2nd Phase JP Nagar, Mayura cir",Bglr,NULL,NULL,2,Non Store,Other,Kitchen,NULL,Venkat,Non-Store,NULL,NULL,NULL,Old,NULL,NULL,NULL,NULL,NULL,NULL,NULL,NULL,NULL,NULL,NULL,NULL,NULL,NULL,NULL,NULL,0,NA,NA,NULL,NULL,NULL,NULL,NULL,NULL,NULL,NULL,NULL,NULL,NULL,NULL,NULL,NULL,None,NULL,NULL,NULL,NULL
S51M01,Bangalore - Common,Bangalore - Common,Bangalore,ROH,Bangalore,NULL,NULL,Bglr,NULL,NULL,2,Non Store,Other,Common,NULL,NULL,Non-Store,NULL,NULL,NULL,Old,NULL,NULL,NULL,NULL,NULL,NULL,NULL,NULL,NULL,NULL,NULL,NULL,NULL,NULL,NULL,NULL,0,NA,NA,NULL,NULL,NULL,NULL,NULL,NULL,NULL,NULL,NULL,NULL,NULL,NULL,NULL,NULL,None,NULL,NULL,NULL,NULL
S51W01,JP Nagar - Warehouse,JP Nagar - Warehouse,Bangalore,ROH,Bangalore,"#915 , 24th Main Road,","2nd Phase JP Nagar, Mayura cir",Bglr,NULL,NULL,2,Non Store,Other,Ware House,NULL,Venkat,Non-Store,NULL,NULL,NULL,Old,NULL,NULL,NULL,NULL,NULL,NULL,NULL,NULL,NULL,NULL,NULL,NULL,NULL,NULL,NULL,NULL,0,NA,NA,NULL,NULL,NULL,NULL,NULL,NULL,NULL,NULL,NULL,NULL,NULL,NULL,NULL,NULL,None,NULL,NULL,NULL,NULL
S61M01,Chennai - Common,Chennai - Common,Chennai,ROH,Chennai,NULL,NULL,Chn,NULL,NULL,3,Non Store,Other,Common,NULL,NULL,Non-Store,NULL,NULL,NULL,Old,NULL,NULL,NULL,NULL,NULL,NULL,NULL,NULL,NULL,NULL,NULL,NULL,NULL,NULL,NULL,NULL,0,NA,NA,NULL,NULL,NULL,NULL,NULL,NULL,NULL,NULL,NULL,NULL,NULL,NULL,NULL,NULL,None,NULL,NULL,NULL,NULL
S61M02,Chennai - Region Support,Chennai - Region Support,Chennai,ROH,Chennai,NULL,NULL,Chn,NULL,NULL,3,Non Store,Other,Corp Office,NULL,NULL,Non-Store,NULL,NULL,NULL,Old,NULL,NULL,NULL,NULL,NULL,NULL,NULL,NULL,NULL,NULL,NULL,NULL,NULL,NULL,NULL,NULL,0,NA,NA,NULL,NULL,NULL,NULL,NULL,NULL,NULL,NULL,NULL,NULL,NULL,NULL,NULL,NULL,None,NULL,NULL,NULL,NULL
VAISVIK-WH,VAISVIK-WH,VAISVIK-WH,Hyderabad,Hyd,Hyderabad,NULL,NULL,Hyd,NULL,NULL,1,Non Store,Other,Ware House,NULL,Venkat,Non-Store,NULL,NULL,NULL,Old,NULL,NULL,NULL,NULL,NULL,NULL,NULL,NULL,NULL,NULL,NULL,NULL,NULL,NULL,NULL,NULL,0,NA,NA,NULL,NULL,NULL,NULL,NULL,NULL,NULL,NULL,NULL,NULL,NULL,NULL,NULL,NULL,None,NULL,NULL,NULL,NULL
VAISVIK,VAISVIK,VAISVIK,Hyderabad,Hyd,Hyderabad,NULL,NULL,Hyd,NULL,NULL,1,Non Store,Other,Ware House,NULL,Venkat,Non-Store,NULL,NULL,NULL,Old,NULL,NULL,NULL,NULL,NULL,NULL,NULL,NULL,NULL,NULL,NULL,NULL,NULL,NULL,NULL,NULL,0,NA,NA,NULL,NULL,NULL,NULL,NULL,NULL,NULL,NULL,NULL,NULL,NULL,NULL,NULL,NULL,None,NULL,NULL,NULL,NULL
S11W02,3PL - Kompally,3PL - Kompally,Hyderabad,Hyd,Hyderabad,Snowman Logistics Ltd,"Svy No: 605,631,Devar yamjal",Hyd,NULL,NULL,1,Non Store,Other,Ware House,NULL,Venkat,Non-Store,NULL,NULL,NULL,Old,NULL,NULL,NULL,NULL,NULL,NULL,NULL,NULL,NULL,NULL,NULL,NULL,NULL,NULL,NULL,NULL,0,NA,NA,NULL,NULL,NULL,NULL,NULL,NULL,NULL,NULL,NULL,NULL,NULL,NULL,NULL,NULL,None,NULL,NULL,NULL,NULL
S32W01,Vijayawada-Warehouse,Vijayawada-Warehouse,RO AP,ROH,Vijayawada,"NTs No.16/6, Block no :30,","WardNo :11,Townsurvey,Sainagar",ROAP,NULL,NULL,9,Non Store,Other,Ware House,NULL,Venkat,Non-Store,NULL,NULL,NULL,Old,NULL,NULL,NULL,NULL,NULL,NULL,NULL,NULL,NULL,NULL,NULL,NULL,NULL,NULL,NULL,NULL,0,NA,NA,NULL,NULL,NULL,NULL,NULL,NULL,NULL,NULL,NULL,NULL,NULL,NULL,NULL,NULL,None,NULL,NULL,NULL,NULL
E11W02,3PL - Kolkatta,3PL - Kolkatta,Kolkata,ROH,Kolkata,"JL No-53,Opp Kolkata West City","Near Salap More,NH- 6, Pakuria",Kol,NULL,NULL,7,Non Store,Other,Ware House,NULL,Venkat,Non-Store,NULL,NULL,NULL,New,NULL,NULL,NULL,NULL,NULL,NULL,NULL,NULL,NULL,NULL,NULL,NULL,NULL,NULL,NULL,NULL,0,NA,NA,NULL,NULL,NULL,NULL,NULL,NULL,NULL,NULL,NULL,NULL,NULL,NULL,NULL,NULL,None,NULL,NULL,NULL,NULL
S5116,Diamond_District,HAL Diamond District,Bangalore,ROH,Bangalore,"S No.4,First Floor,Banglaore","Anjaneya Complex,Old Airport",Bglr,NULL,NULL,2,Omni Model,Omni Rest,Outlet,Oven,Shiva,FY24 Outlets,FY24,18,NULL,New,36,No,03-05-2023,Yes,01-06-2024,01-06-2024,01-04-2024,10.95394737,6-12 months,New Model,Bangalore,New Model - Ele & Gas,W/o Tankers,PAN India,1.5 to 2.5K Sq Ft,NULL,1465,701044,20662166,Chilled,86.06,14.5,NULL,NULL,30,15,NULL,NULL,Metro,NULL,NULL,Late_Night_Delivery,BLR/CHN,Others,NULL,NULL,https://www.zomato.com/bangalore/paradise-biryani-airport-road-bangalore,https://www.swiggy.com/restaurants/paradise-biryani-old-airport-road-diamond-district-bangalore-701044
S11M06,Paradise Food Court-New,Head Office,Hyderabad,Hyd,Hyderabad,"3rd Floor,Alcazar Mall,Plot N","JubileeHills,Hyderabad-500033",Hyd,NULL,NULL,1,Non Store,Other,Corp Office,NULL,NULL,Non-Store,NULL,NULL,NULL,New,NULL,NULL,NULL,NULL,NULL,NULL,NULL,NULL,NULL,NULL,NULL,NULL,NULL,NULL,NULL,NULL,NULL,NULL,NULL,NULL,NULL,NULL,NULL,NULL,NULL,NULL,NULL,NULL,NULL,NULL,NULL,NULL,NULL,None,NULL,NULL,NULL,NULL
S11P01,Secunderabad-PQS,Secunderabad Bakery,Hyderabad,Hyd,Hyderabad,"S D Road, Sappu Bagh Apartment","Jogani, Ramgopalpet, Secundera",Hyd,NULL,NULL,1,Non Store,FSR S'bad,Kitchen,NULL,Venkat,Non-Store,NULL,1,NULL,New,NULL,NULL,NULL,NULL,NULL,NULL,NULL,NULL,NULL,NULL,NULL,NULL,NULL,NULL,NULL,NULL,NULL,NULL,NULL,NULL,NULL,NULL,NULL,NULL,NULL,NULL,NULL,NULL,NULL,NULL,NULL,HOD,NULL,Focus,NULL,NULL,NULL,https://www.swiggy.com/restaurants/paradise-biryani-s-p-road-begumpet-hyderabad-2305
IN-TRANSIT,IN-TRANSIT,In-Transit,Hyderabad,Hyd,Hyderabad,NULL,NULL,Hyd,NULL,NULL,1,Non Store,Other,Others,NULL,NULL,Non-Store,NULL,NULL,NULL,Old,NULL,NULL,NULL,NULL,NULL,NULL,NULL,NULL,NULL,NULL,NULL,NULL,NULL,NULL,NULL,NULL,NULL,NULL,NULL,NULL,NULL,NULL,NULL,NULL,NULL,NULL,NULL,NULL,NULL,NULL,NULL,NULL,NULL,None,NULL,NULL,NULL,NULL
DIFF,DIFF,In-Transit,Hyderabad,Hyd,Hyderabad,NULL,NULL,Hyd,NULL,NULL,1,Non Store,Other,Others,NULL,NULL,Non-Store,NULL,NULL,NULL,Old,NULL,NULL,NULL,NULL,NULL,NULL,NULL,NULL,NULL,NULL,NULL,NULL,NULL,NULL,NULL,NULL,NULL,NULL,NULL,NULL,NULL,NULL,NULL,NULL,NULL,NULL,NULL,NULL,NULL,NULL,NULL,NULL,NULL,None,NULL,NULL,NULL,NULL
PF0308,Karol Bagh Cloud,Karol Bagh,NCR,ROH,Gurgaon,NULL,NULL,NCR,NULL,NULL,6,Cloud Kitchen,Other,Outlet,NULL,NULL, FY20 Outlets ,Closed,NULL,NULL,Old,NULL,NULL,27-07-2019,No,NULL,NULL,NULL,56.21710526,>3 years,NULL,NULL,NULL,NULL,NULL,NULL,NULL,423,NULL,NULL,NULL,NULL,NULL,01-01-2020,NULL,NULL,NULL,NULL,NULL,Metro,NULL,NULL,NULL,NULL,None,NULL,NULL,NULL,NULL
PF0307,Janakpuri Cloud,Janakpuri,NCR,ROH,Gurgaon,NULL,NULL,NCR,NULL,NULL,6,Cloud Kitchen,Other,Outlet,NULL,NULL, FY20 Outlets ,Closed,NULL,NULL,Old,NULL,NULL,26-08-2019,No,NULL,NULL,NULL,55.23026316,>3 years,NULL,NULL,NULL,NULL,NULL,NULL,NULL,406,NULL,NULL,NULL,NULL,NULL,01-01-2020,NULL,NULL,NULL,NULL,NULL,Metro,NULL,NULL,NULL,NULL,None,NULL,NULL,NULL,NULL
PF024,Frazer Town,Frazer Town,Bangalore,ROH,Bangalore,NULL,NULL,Bglr,NULL,NULL,2,FSR,Other,Outlet,Hundi,NULL,Until FY19,Closed,2,PF024,Old,250,No,15-06-2015,No,01-07-2016,NULL,01-04-2024,105.6578947,>3 years,FSR+BK,Bangalore,FSR+BK,W/o Tankers,PAN India,10 to 15K Sq Ft,NULL,10000,NULL,NULL,Chilled,NULL,NULL,31-10-2016,NULL,NULL,NULL,NULL,NULL,Metro,NULL,NULL,NULL,NULL,None,NULL,NULL,NULL,NULL
S5115,Kasanvahalli,Kasavanahalli,Bangalore,ROH,Bangalore,"S.No.87,Kasavanahalli Village","Varthur Hobli,Bangalore",Bglr,NULL,NULL,2,Omni Model,Omni Rest,Outlet,Oven,Vinod,FY24 Outlets,FY24,17,NULL,New,40,No,07-04-2023,Yes,01-05-2024,01-05-2024,01-04-2024,11.80921053,6-12 months,New Model,Bangalore,New Model - Ele & Gas,W/o Tankers,PAN India,1.5 to 2.5K Sq Ft,NULL,1500,95136,20627764,Chilled,84.3,14.3,NULL,NULL,36,18,NULL,NULL,Metro,NULL,NULL,Late_Night_Delivery,BLR/CHN,Others,NULL,NULL,https://www.zomato.com/bangalore/paradise-biryani-1-sarjapur-road-bangalore,https://www.swiggy.com/restaurants/paradise-biryani-kasavanahalli-kaikondrahalli-bangalore-95136
S6107,T Nagar Express,T Nagar,Chennai,ROH,Chennai,"Plot No. 31, Old No 6, New No.","13 Thanikachalam Road, T Nagar",Chn,NULL,NULL,3,Omni Model,Omni Pilot,Outlet,Oven,Ramesh, FY20 Outlets ,Existing,5,PF069,New,58,yes,17-01-2020,Yes,01-02-2021,01-02-2021,01-04-2024,50.49342105,>3 years,New Model,Chennai,New Model - Ele Oven,Tankers,PAN India,2.5K to 4K Sq Ft,NULL,2700,242424,19302124,Chilled,111.4681486,9.637672277,NULL,Set 2,16,8,8,9,Metro,NULL,FY23,Late_Night_Delivery,BLR/CHN,Others,NULL,NULL,https://www.zomato.com/chennai/paradise-biryani-t-nagar,https://www.swiggy.com/restaurants/paradise-biryani-thanikachalam-road-t-nagar-chennai-242424
S5117,Whitefield_2,Whitefield 2,Bangalore,ROH,Bangalore,old khata no.262,"pattandur agrahara,krishnajapu",Bglr,NULL,NULL,2,Omni Model,Omni Pilot,Outlet,Oven,Vinod,FY24 Outlets,FY24,19,NULL,New,40,No,02-06-2023,Yes,01-07-2024,01-07-2024,01-04-2024,9.967105263,6-12 months,New Model,Bangalore,New Model - Ele & Gas,W/o Tankers,PAN India,1.5 to 2.5K Sq Ft,NULL,2100,692511,20670442,Chilled,89.28,14.6,NULL,NULL,NULL,NULL,NULL,NULL,Metro,NULL,NULL,Late_Night_Delivery,BLR/CHN,Others,NULL,NULL,https://www.zomato.com/bangalore/paradise-biryani-itpl-main-road-whitefield-bangalore,https://www.swiggy.com/restaurants/paradise-biryani-krishnarajapura-whitefield-bangalore-692511
S61W02,3PL - Chennai,3PL - Chennai,Chennai,ROH,Kanchipuram,Snowman Logistics Ltd,"54,Mevalurkuppam, Thandalam",Chn,NULL,NULL,3,Non Store,Other,Ware House,NULL,Venkat,Non-Store,NULL,NULL,NULL,NULL,NULL,NULL,NULL,No,NULL,NULL,NULL,NULL,NULL,NULL,NULL,NULL,NULL,NULL,NULL,NULL,NULL,NULL,NULL,NULL,NULL,NULL,NULL,NULL,NULL,NULL,NULL,NULL,NULL,NULL,NULL,NULL,NULL,None,NULL,NULL,NULL,NULL
S51W02,3PL - Bangalore,3PL - Bangalore,Bangalore,roh,Bangalore,"No.54,Virgo Nagar,Madras Rd","Bandapura Village,Biderahalli",Bglr,NULL,NULL,2,Non Store,Other,Ware House,NULL,Venkat,Non-Store,NULL,NULL,NULL,NULL,NULL,NULL,NULL,No,NULL,NULL,NULL,NULL,NULL,NULL,NULL,NULL,NULL,NULL,NULL,NULL,NULL,NULL,NULL,NULL,NULL,NULL,NULL,NULL,NULL,NULL,NULL,NULL,NULL,NULL,NULL,NULL,NULL,None,NULL,NULL,NULL,NULL
S5118,JP Nagar-II,JP Nagar New,Bangalore,ROH,Bangalore,"No.949,24th Mainroad,Sarakki","II Phase, JP Nagar",Bglr,NULL,NULL,2,FSR,Omni Rest,Outlet,Hundi,Shiva,FY24 Outlets,Existing,20,NULL,New,NULL,No,27-12-2023,Yes,01-01-2025,01-01-2025,01-04-2024,3.125,3-6 months,FSR,Bangalore,FSR,W/o Tankers,PAN India,2.5K to 4K Sq Ft,NULL,NULL,9023,18275021,Frozen,NULL,NULL,NULL,NULL,NULL,NULL,NULL,NULL,Metro,NULL,NULL,Late_Night_Delivery,BLR/CHN,NULL,NULL,NULL,https://www.zomato.com/bangalore/paradise-jp-nagar/order,https://www.swiggy.com/restaurants/paradise-biryani-jp-nagar-bangalore-9023
S5119,BEL Road - Haleem Only,New Bel Road (Kiosk),Bangalore,ROH,Bangalore,NULL,NULL,Bglr,NULL,NULL,2,Kiosk,Other,Outlet,NULL,Sridhar,FY24 Outlets,New FY24,21,NULL,New,0,No,12-03-2024,Yes,01-04-2025,01-04-2025,01-04-2024,0.625,0-3 months,NULL,NULL,NULL,NULL,NULL,NULL,NULL,200,853236,21100642,Chilled,NULL,NULL,NULL,NULL,NULL,NULL,NULL,NULL,Metro,NULL,NULL,NULL,BLR/CHN,NULL,NULL,NULL,https://www.zomato.com/bangalore/paradise-biryani-a-legend-since-1953-new-bel-road-bangalore,https://www.swiggy.com/restaurants/paradise-biryani-mathikere-new-bel-road-bangalore-853236
S5120,Banaswadi - Haleem Only,Banaswadi (Kiosk),Bangalore,ROH,Bangalore,NULL,NULL,Bglr,NULL,NULL,2,Kiosk,Other,Outlet,NULL,Sridhar,FY24 Outlets,New FY24,22,NULL,New,0,No,12-03-2024,Yes,01-04-2025,01-04-2025,01-04-2024,0.625,0-3 months,NULL,NULL,NULL,NULL,NULL,NULL,NULL,200,853237,21100643,Chilled,NULL,NULL,NULL,NULL,NULL,NULL,NULL,NULL,Metro,NULL,NULL,NULL,BLR/CHN,NULL,NULL,NULL,https://www.zomato.com/bangalore/paradise-biryani-a-legend-since-1953-banaswadi-bangalore,https://www.swiggy.com/restaurants/paradise-biryani-100ft-road-sarvagna-nagar-bangalore-853237
S5121,Kalyan Nagar - Haleem Only,Kalyan Nagar (Kiosk),Bangalore,ROH,Bangalore,NULL,NULL,Bglr,NULL,NULL,2,Kiosk,Other,Outlet,NULL,Sridhar,FY24 Outlets,New FY24,23,NULL,New,0,No,12-03-2024,Yes,01-04-2025,01-04-2025,01-04-2024,0.625,0-3 months,NULL,NULL,NULL,NULL,NULL,NULL,NULL,200,853238,21100647,Chilled,NULL,NULL,NULL,NULL,NULL,NULL,NULL,NULL,Metro,NULL,NULL,NULL,BLR/CHN,NULL,NULL,NULL,https://www.zomato.com/bangalore/paradise-biryani-a-legend-since-1953-kalyan-nagar-bangalore,https://www.swiggy.com/restaurants/paradise-biryani-hk-arcade-hrbr-layout-bangalore-853238
